id,city,weather_desc,temperature,temperature_category,humidity,humidity_category,wind_speed,recorded_at
1,"New York","few clouds",8.54,Cold,54,Normal,2.06,"2025-11-15 02:01:06"
2,"Los Angeles","moderate rain",17.09,Cool,91,Humid,4.63,"2025-11-15 02:01:06"
3,Chicago,"broken clouds",15.91,Cool,84,Humid,0.89,"2025-11-15 02:01:06"
4,Houston,"clear sky",22.48,Cool,77,Humid,7.2,"2025-11-15 02:01:06"
5,Phoenix,"clear sky",24.44,Cool,29,Dry,1.62,"2025-11-15 02:01:06"
6,Philadelphia,"overcast clouds",9.74,Cold,56,Normal,4.12,"2025-11-15 02:01:06"
7,"San Antonio","clear sky",23.57,Cool,57,Normal,2.57,"2025-11-15 02:01:06"
8,"San Diego","light rain",18.34,Cool,80,Humid,2.57,"2025-11-15 02:01:06"
9,Dallas,"clear sky",22.89,Cool,70,Humid,4.12,"2025-11-15 02:01:06"
10,"San Jose","clear sky",14.48,Cold,82,Humid,0.89,"2025-11-15 02:01:07"
11,Austin,"clear sky",23.01,Cool,66,Normal,2.06,"2025-11-15 02:01:07"
12,Jacksonville,mist,15.04,Cool,87,Humid,0,"2025-11-15 02:01:07"
13,"Fort Worth","clear sky",23.27,Cool,65,Normal,5.66,"2025-11-15 02:01:07"
14,Columbus,"overcast clouds",12.26,Cold,78,Humid,1.54,"2025-11-15 02:01:07"
15,Charlotte,"clear sky",11.59,Cold,46,Normal,3.09,"2025-11-15 02:01:07"
16,"San Francisco","scattered clouds",14.66,Cold,78,Humid,4.63,"2025-11-15 02:01:07"
17,Indianapolis,"broken clouds",14.61,Cold,82,Humid,2.06,"2025-11-15 02:01:07"
18,Seattle,mist,9.11,Cold,95,Humid,2.57,"2025-11-15 02:01:07"
19,Denver,"overcast clouds",15.38,Cool,25,Dry,1.79,"2025-11-15 02:01:07"
20,Washington,"overcast clouds",8.99,Cold,91,Humid,0.82,"2025-11-15 02:01:07"
21,"New York","few clouds",8.54,Cold,54,Normal,2.06,"2025-11-15 02:02:05"
22,"Los Angeles","moderate rain",17.09,Cool,91,Humid,4.63,"2025-11-15 02:02:05"
23,Chicago,"broken clouds",15.91,Cool,84,Humid,0.89,"2025-11-15 02:02:06"
24,Houston,"clear sky",22.48,Cool,77,Humid,7.2,"2025-11-15 02:02:06"
25,Phoenix,"clear sky",24.44,Cool,29,Dry,1.62,"2025-11-15 02:02:06"
26,Philadelphia,"overcast clouds",9.74,Cold,56,Normal,4.12,"2025-11-15 02:02:06"
27,"San Antonio","clear sky",23.57,Cool,57,Normal,2.57,"2025-11-15 02:02:06"
28,"San Diego","light rain",18.34,Cool,80,Humid,2.57,"2025-11-15 02:02:06"
29,Dallas,"clear sky",22.89,Cool,70,Humid,4.12,"2025-11-15 02:02:06"
30,"San Jose","clear sky",14.48,Cold,82,Humid,0.89,"2025-11-15 02:02:06"
31,Austin,"clear sky",22.96,Cool,64,Normal,2.06,"2025-11-15 02:02:06"
32,Jacksonville,mist,15.04,Cool,87,Humid,0,"2025-11-15 02:02:06"
33,"Fort Worth","clear sky",23.27,Cool,65,Normal,5.66,"2025-11-15 02:02:06"
34,Columbus,"overcast clouds",12.26,Cold,78,Humid,1.54,"2025-11-15 02:02:06"
35,Charlotte,"clear sky",11.59,Cold,46,Normal,3.09,"2025-11-15 02:02:06"
36,"San Francisco","scattered clouds",14.66,Cold,78,Humid,4.63,"2025-11-15 02:02:06"
37,Indianapolis,"broken clouds",14.61,Cold,82,Humid,2.06,"2025-11-15 02:02:06"
38,Seattle,mist,9.11,Cold,95,Humid,2.57,"2025-11-15 02:02:06"
39,Denver,"overcast clouds",15.38,Cool,25,Dry,1.79,"2025-11-15 02:02:06"
40,Washington,"overcast clouds",8.99,Cold,91,Humid,0.82,"2025-11-15 02:02:07"
41,"New York","few clouds",8.54,Cold,54,Normal,2.06,"2025-11-15 02:03:05"
42,"Los Angeles","moderate rain",17.09,Cool,91,Humid,4.63,"2025-11-15 02:03:05"
43,Chicago,"broken clouds",15.91,Cool,84,Humid,0.89,"2025-11-15 02:03:05"
44,Houston,"clear sky",22.48,Cool,77,Humid,7.2,"2025-11-15 02:03:05"
45,Phoenix,"clear sky",24.44,Cool,29,Dry,1.62,"2025-11-15 02:03:06"
46,Philadelphia,"overcast clouds",9.74,Cold,56,Normal,4.12,"2025-11-15 02:03:06"
47,"San Antonio","clear sky",23.57,Cool,57,Normal,2.57,"2025-11-15 02:03:06"
48,"San Diego","light rain",18.34,Cool,80,Humid,2.57,"2025-11-15 02:03:06"
49,Dallas,"clear sky",22.89,Cool,70,Humid,4.12,"2025-11-15 02:03:06"
50,"San Jose","clear sky",14.48,Cold,82,Humid,0.89,"2025-11-15 02:03:06"
51,Austin,"clear sky",22.96,Cool,64,Normal,2.06,"2025-11-15 02:03:06"
52,Jacksonville,mist,15.04,Cool,87,Humid,0,"2025-11-15 02:03:06"
53,"Fort Worth","clear sky",23.27,Cool,65,Normal,5.66,"2025-11-15 02:03:06"
54,Columbus,"overcast clouds",12.26,Cold,78,Humid,1.54,"2025-11-15 02:03:06"
55,Charlotte,"clear sky",11.59,Cold,46,Normal,3.09,"2025-11-15 02:03:06"
56,"San Francisco","scattered clouds",14.66,Cold,78,Humid,4.63,"2025-11-15 02:03:06"
57,Indianapolis,"broken clouds",14.61,Cold,82,Humid,2.06,"2025-11-15 02:03:06"
58,Seattle,mist,9.11,Cold,95,Humid,2.57,"2025-11-15 02:03:06"
59,Denver,"overcast clouds",15.38,Cool,25,Dry,1.79,"2025-11-15 02:03:06"
60,Washington,"overcast clouds",8.99,Cold,91,Humid,0.82,"2025-11-15 02:03:06"
61,"New York","few clouds",8.54,Cold,54,Normal,2.06,"2025-11-15 02:04:05"
62,"Los Angeles","moderate rain",17.09,Cool,91,Humid,4.63,"2025-11-15 02:04:05"
63,Chicago,"broken clouds",15.91,Cool,84,Humid,0.89,"2025-11-15 02:04:05"
64,Houston,"clear sky",22.48,Cool,77,Humid,7.2,"2025-11-15 02:04:05"
65,Phoenix,"clear sky",24.44,Cool,29,Dry,1.62,"2025-11-15 02:04:06"
66,Philadelphia,"overcast clouds",9.74,Cold,56,Normal,4.12,"2025-11-15 02:04:06"
67,"San Antonio","clear sky",23.57,Cool,57,Normal,2.57,"2025-11-15 02:04:06"
68,"San Diego","light rain",18.34,Cool,80,Humid,2.57,"2025-11-15 02:04:06"
69,Dallas,"clear sky",22.89,Cool,70,Humid,4.12,"2025-11-15 02:04:06"
70,"San Jose","clear sky",14.48,Cold,82,Humid,0.89,"2025-11-15 02:04:06"
71,Austin,"clear sky",22.96,Cool,64,Normal,2.06,"2025-11-15 02:04:06"
72,Jacksonville,mist,15.04,Cool,87,Humid,0,"2025-11-15 02:04:06"
73,"Fort Worth","clear sky",23.27,Cool,65,Normal,5.66,"2025-11-15 02:04:06"
74,Columbus,"overcast clouds",12.26,Cold,78,Humid,1.54,"2025-11-15 02:04:06"
75,Charlotte,"clear sky",11.59,Cold,46,Normal,3.09,"2025-11-15 02:04:06"
76,"San Francisco","scattered clouds",14.66,Cold,78,Humid,4.63,"2025-11-15 02:04:06"
77,Indianapolis,"broken clouds",14.61,Cold,82,Humid,2.06,"2025-11-15 02:04:06"
78,Seattle,mist,9.11,Cold,95,Humid,2.57,"2025-11-15 02:04:06"
79,Denver,"overcast clouds",15.38,Cool,25,Dry,1.79,"2025-11-15 02:04:06"
80,Washington,"overcast clouds",8.99,Cold,91,Humid,0.82,"2025-11-15 02:04:06"
81,"New York","few clouds",8.54,Cold,54,Normal,2.06,"2025-11-15 02:05:06"
82,"Los Angeles","moderate rain",17.09,Cool,91,Humid,4.63,"2025-11-15 02:05:06"
83,Chicago,"broken clouds",15.91,Cool,84,Humid,0.89,"2025-11-15 02:05:06"
84,Houston,"clear sky",22.48,Cool,77,Humid,7.2,"2025-11-15 02:05:06"
85,Phoenix,"clear sky",24.44,Cool,29,Dry,1.62,"2025-11-15 02:05:06"
86,Philadelphia,"overcast clouds",9.74,Cold,56,Normal,4.12,"2025-11-15 02:05:06"
87,"San Antonio","clear sky",23.57,Cool,57,Normal,2.57,"2025-11-15 02:05:06"
88,"San Diego","light rain",18.34,Cool,80,Humid,2.57,"2025-11-15 02:05:06"
89,Dallas,"clear sky",22.89,Cool,70,Humid,4.12,"2025-11-15 02:05:06"
90,"San Jose","clear sky",14.48,Cold,82,Humid,0.89,"2025-11-15 02:05:06"
91,Austin,"clear sky",22.96,Cool,64,Normal,2.06,"2025-11-15 02:05:06"
92,Jacksonville,mist,15.04,Cool,87,Humid,0,"2025-11-15 02:05:06"
93,"Fort Worth","clear sky",23.27,Cool,65,Normal,5.66,"2025-11-15 02:05:06"
94,Columbus,"overcast clouds",12.26,Cold,78,Humid,1.54,"2025-11-15 02:05:06"
95,Charlotte,"clear sky",11.59,Cold,46,Normal,3.09,"2025-11-15 02:05:06"
96,"San Francisco","scattered clouds",14.66,Cold,78,Humid,4.63,"2025-11-15 02:05:07"
97,Indianapolis,"broken clouds",14.61,Cold,82,Humid,2.06,"2025-11-15 02:05:07"
98,Seattle,mist,9.11,Cold,95,Humid,2.57,"2025-11-15 02:05:07"
99,Denver,"overcast clouds",15.38,Cool,25,Dry,1.79,"2025-11-15 02:05:07"
100,Washington,"overcast clouds",8.99,Cold,91,Humid,0.82,"2025-11-15 02:05:07"
101,"New York","few clouds",8.54,Cold,54,Normal,2.06,"2025-11-15 02:06:05"
102,"Los Angeles","moderate rain",17.09,Cool,91,Humid,4.63,"2025-11-15 02:06:05"
103,Chicago,"broken clouds",15.91,Cool,84,Humid,0.89,"2025-11-15 02:06:05"
104,Houston,"clear sky",22.48,Cool,77,Humid,7.2,"2025-11-15 02:06:05"
105,Phoenix,"clear sky",24.44,Cool,29,Dry,1.62,"2025-11-15 02:06:05"
106,Philadelphia,"overcast clouds",9.74,Cold,56,Normal,4.12,"2025-11-15 02:06:06"
107,"San Antonio","clear sky",23.57,Cool,57,Normal,2.57,"2025-11-15 02:06:06"
108,"San Diego","light rain",18.34,Cool,80,Humid,2.57,"2025-11-15 02:06:06"
109,Dallas,"clear sky",22.89,Cool,70,Humid,4.12,"2025-11-15 02:06:06"
110,"San Jose","clear sky",14.48,Cold,82,Humid,0.89,"2025-11-15 02:06:06"
111,Austin,"clear sky",22.96,Cool,64,Normal,2.06,"2025-11-15 02:06:06"
112,Jacksonville,mist,15.04,Cool,87,Humid,0,"2025-11-15 02:06:06"
113,"Fort Worth","clear sky",23.27,Cool,65,Normal,5.66,"2025-11-15 02:06:06"
114,Columbus,"overcast clouds",12.26,Cold,78,Humid,1.54,"2025-11-15 02:06:06"
115,Charlotte,"clear sky",11.59,Cold,46,Normal,3.09,"2025-11-15 02:06:06"
116,"San Francisco","scattered clouds",14.66,Cold,78,Humid,4.63,"2025-11-15 02:06:06"
117,Indianapolis,"broken clouds",14.61,Cold,82,Humid,2.06,"2025-11-15 02:06:06"
118,Seattle,mist,9.11,Cold,95,Humid,2.57,"2025-11-15 02:06:06"
119,Denver,"overcast clouds",15.38,Cool,25,Dry,1.79,"2025-11-15 02:06:06"
120,Washington,"overcast clouds",8.99,Cold,91,Humid,0.82,"2025-11-15 02:06:06"
121,"New York","few clouds",8.54,Cold,54,Normal,2.06,"2025-11-15 02:07:05"
122,"Los Angeles","moderate rain",17.09,Cool,91,Humid,4.63,"2025-11-15 02:07:05"
123,Chicago,"broken clouds",15.91,Cool,84,Humid,0.89,"2025-11-15 02:07:06"
124,Houston,"clear sky",22.48,Cool,77,Humid,7.2,"2025-11-15 02:07:06"
125,Phoenix,"clear sky",24.44,Cool,29,Dry,1.62,"2025-11-15 02:07:06"
126,Philadelphia,"overcast clouds",9.74,Cold,56,Normal,4.12,"2025-11-15 02:07:06"
127,"San Antonio","clear sky",23.57,Cool,57,Normal,2.57,"2025-11-15 02:07:06"
128,"San Diego","light rain",18.34,Cool,80,Humid,2.57,"2025-11-15 02:07:06"
129,Dallas,"clear sky",22.89,Cool,70,Humid,4.12,"2025-11-15 02:07:06"
130,"San Jose","clear sky",14.48,Cold,82,Humid,0.89,"2025-11-15 02:07:06"
131,Austin,"clear sky",22.96,Cool,64,Normal,2.06,"2025-11-15 02:07:06"
132,Jacksonville,mist,15.04,Cool,87,Humid,0,"2025-11-15 02:07:06"
133,"Fort Worth","clear sky",23.27,Cool,65,Normal,5.66,"2025-11-15 02:07:06"
134,Columbus,"overcast clouds",12.26,Cold,78,Humid,1.54,"2025-11-15 02:07:06"
135,Charlotte,"clear sky",11.59,Cold,46,Normal,3.09,"2025-11-15 02:07:06"
136,"San Francisco","scattered clouds",14.66,Cold,78,Humid,4.63,"2025-11-15 02:07:06"
137,Indianapolis,"broken clouds",14.61,Cold,82,Humid,2.06,"2025-11-15 02:07:06"
138,Seattle,mist,9.11,Cold,95,Humid,2.57,"2025-11-15 02:07:06"
139,Denver,"overcast clouds",15.38,Cool,25,Dry,1.79,"2025-11-15 02:07:06"
140,Washington,"overcast clouds",8.99,Cold,91,Humid,0.82,"2025-11-15 02:07:07"
141,"New York","few clouds",8.54,Cold,54,Normal,2.06,"2025-11-15 02:08:05"
142,"Los Angeles","moderate rain",17.09,Cool,91,Humid,4.63,"2025-11-15 02:08:06"
143,Chicago,"broken clouds",15.91,Cool,84,Humid,0.89,"2025-11-15 02:08:06"
144,Houston,"clear sky",22.48,Cool,77,Humid,7.2,"2025-11-15 02:08:06"
145,Phoenix,"clear sky",24.44,Cool,29,Dry,1.62,"2025-11-15 02:08:06"
146,Philadelphia,"overcast clouds",9.74,Cold,56,Normal,4.12,"2025-11-15 02:08:06"
147,"San Antonio","clear sky",23.57,Cool,57,Normal,2.57,"2025-11-15 02:08:06"
148,"San Diego","light rain",18.34,Cool,80,Humid,2.57,"2025-11-15 02:08:06"
149,Dallas,"clear sky",22.89,Cool,70,Humid,4.12,"2025-11-15 02:08:06"
150,"San Jose","clear sky",14.48,Cold,82,Humid,0.89,"2025-11-15 02:08:06"
151,Austin,"clear sky",22.96,Cool,64,Normal,2.06,"2025-11-15 02:08:06"
152,Jacksonville,mist,15.04,Cool,87,Humid,0,"2025-11-15 02:08:06"
153,"Fort Worth","clear sky",23.27,Cool,65,Normal,5.66,"2025-11-15 02:08:06"
154,Columbus,"overcast clouds",12.26,Cold,78,Humid,1.54,"2025-11-15 02:08:06"
155,Charlotte,"clear sky",11.59,Cold,46,Normal,3.09,"2025-11-15 02:08:06"
156,"San Francisco","scattered clouds",14.66,Cold,78,Humid,4.63,"2025-11-15 02:08:06"
157,Indianapolis,"broken clouds",14.61,Cold,82,Humid,2.06,"2025-11-15 02:08:06"
158,Seattle,mist,9.11,Cold,95,Humid,2.57,"2025-11-15 02:08:06"
159,Denver,"overcast clouds",15.38,Cool,25,Dry,1.79,"2025-11-15 02:08:07"
160,Washington,"overcast clouds",8.99,Cold,91,Humid,0.82,"2025-11-15 02:08:07"
161,"New York","few clouds",8.54,Cold,54,Normal,2.06,"2025-11-15 02:09:05"
162,"Los Angeles","moderate rain",17.09,Cool,91,Humid,4.63,"2025-11-15 02:09:05"
163,Chicago,"broken clouds",15.91,Cool,84,Humid,0.89,"2025-11-15 02:09:05"
164,Houston,"clear sky",22.25,Cool,78,Humid,7.2,"2025-11-15 02:09:05"
165,Phoenix,"clear sky",24.44,Cool,29,Dry,1.62,"2025-11-15 02:09:06"
166,Philadelphia,"overcast clouds",9.74,Cold,56,Normal,4.12,"2025-11-15 02:09:06"
167,"San Antonio","clear sky",23.57,Cool,57,Normal,2.57,"2025-11-15 02:09:06"
168,"San Diego","light rain",18.34,Cool,80,Humid,2.57,"2025-11-15 02:09:06"
169,Dallas,"clear sky",22.89,Cool,70,Humid,4.12,"2025-11-15 02:09:06"
170,"San Jose","clear sky",14.48,Cold,82,Humid,0.89,"2025-11-15 02:09:06"
171,Austin,"clear sky",22.96,Cool,64,Normal,2.06,"2025-11-15 02:09:06"
172,Jacksonville,mist,14.15,Cold,89,Humid,2.06,"2025-11-15 02:09:06"
173,"Fort Worth","clear sky",23.27,Cool,65,Normal,5.66,"2025-11-15 02:09:06"
174,Columbus,"overcast clouds",12.26,Cold,78,Humid,1.54,"2025-11-15 02:09:06"
175,Charlotte,"clear sky",11.59,Cold,46,Normal,3.09,"2025-11-15 02:09:06"
176,"San Francisco","scattered clouds",14.66,Cold,78,Humid,4.63,"2025-11-15 02:09:06"
177,Indianapolis,"broken clouds",14.61,Cold,82,Humid,2.06,"2025-11-15 02:09:06"
178,Seattle,mist,9.11,Cold,95,Humid,2.57,"2025-11-15 02:09:06"
179,Denver,"overcast clouds",15.38,Cool,25,Dry,1.79,"2025-11-15 02:09:06"
180,Washington,"overcast clouds",8.99,Cold,91,Humid,0.82,"2025-11-15 02:09:06"
181,"New York","few clouds",8.54,Cold,54,Normal,2.06,"2025-11-15 02:10:05"
182,"Los Angeles","moderate rain",17.09,Cool,91,Humid,4.63,"2025-11-15 02:10:05"
183,Chicago,"broken clouds",15.91,Cool,84,Humid,0.89,"2025-11-15 02:10:05"
184,Houston,"clear sky",22.25,Cool,78,Humid,7.2,"2025-11-15 02:10:05"
185,Phoenix,"clear sky",24.11,Cool,30,Normal,1.62,"2025-11-15 02:10:06"
186,Philadelphia,"overcast clouds",9.74,Cold,56,Normal,4.12,"2025-11-15 02:10:06"
187,"San Antonio","clear sky",23.57,Cool,57,Normal,2.57,"2025-11-15 02:10:06"
188,"San Diego","light rain",18.34,Cool,80,Humid,2.57,"2025-11-15 02:10:06"
189,Dallas,"clear sky",22.66,Cool,70,Humid,4.12,"2025-11-15 02:10:06"
190,"San Jose","clear sky",14.48,Cold,82,Humid,0.89,"2025-11-15 02:10:06"
191,Austin,"clear sky",22.96,Cool,64,Normal,2.06,"2025-11-15 02:10:06"
192,Jacksonville,mist,14.15,Cold,89,Humid,2.06,"2025-11-15 02:10:06"
193,"Fort Worth","clear sky",23.27,Cool,65,Normal,5.66,"2025-11-15 02:10:06"
194,Columbus,"overcast clouds",12.26,Cold,78,Humid,1.54,"2025-11-15 02:10:06"
195,Charlotte,"clear sky",11.59,Cold,46,Normal,3.09,"2025-11-15 02:10:06"
196,"San Francisco","scattered clouds",14.66,Cold,78,Humid,4.63,"2025-11-15 02:10:06"
197,Indianapolis,"broken clouds",14.61,Cold,82,Humid,2.06,"2025-11-15 02:10:06"
198,Seattle,mist,9.14,Cold,95,Humid,4.63,"2025-11-15 02:10:06"
199,Denver,"overcast clouds",15.38,Cool,25,Dry,1.79,"2025-11-15 02:10:06"
200,Washington,"overcast clouds",8.99,Cold,91,Humid,0.82,"2025-11-15 02:10:06"
201,"New York","few clouds",8.54,Cold,54,Normal,2.06,"2025-11-15 02:11:05"
202,"Los Angeles","moderate rain",17.09,Cool,91,Humid,4.63,"2025-11-15 02:11:05"
203,Chicago,"broken clouds",15.91,Cool,84,Humid,0.89,"2025-11-15 02:11:06"
204,Houston,"clear sky",22.25,Cool,78,Humid,7.2,"2025-11-15 02:11:06"
205,Phoenix,"clear sky",24.11,Cool,30,Normal,1.62,"2025-11-15 02:11:06"
206,Philadelphia,"overcast clouds",9.74,Cold,56,Normal,4.12,"2025-11-15 02:11:06"
207,"San Antonio","clear sky",23.57,Cool,57,Normal,2.57,"2025-11-15 02:11:06"
208,"San Diego","light rain",18.34,Cool,80,Humid,2.57,"2025-11-15 02:11:06"
209,Dallas,"clear sky",22.66,Cool,70,Humid,4.12,"2025-11-15 02:11:06"
210,"San Jose","clear sky",14.48,Cold,82,Humid,0.89,"2025-11-15 02:11:06"
211,Austin,"clear sky",22.96,Cool,64,Normal,2.06,"2025-11-15 02:11:06"
212,Jacksonville,mist,14.15,Cold,89,Humid,2.06,"2025-11-15 02:11:06"
213,"Fort Worth","clear sky",23.27,Cool,65,Normal,5.66,"2025-11-15 02:11:06"
214,Columbus,"overcast clouds",12.26,Cold,78,Humid,1.54,"2025-11-15 02:11:06"
215,Charlotte,"clear sky",11.59,Cold,46,Normal,3.09,"2025-11-15 02:11:06"
216,"San Francisco","scattered clouds",14.66,Cold,78,Humid,4.63,"2025-11-15 02:11:06"
217,Indianapolis,"broken clouds",14.61,Cold,82,Humid,2.06,"2025-11-15 02:11:06"
218,Seattle,mist,9.14,Cold,95,Humid,4.63,"2025-11-15 02:11:06"
219,Denver,"overcast clouds",15.38,Cool,25,Dry,1.79,"2025-11-15 02:11:06"
220,Washington,"overcast clouds",8.99,Cold,91,Humid,0.82,"2025-11-15 02:11:07"
221,"New York","scattered clouds",8.49,Cold,53,Normal,3.09,"2025-11-15 02:12:06"
222,"Los Angeles",mist,17.1,Cool,92,Humid,5.66,"2025-11-15 02:12:06"
223,Chicago,"broken clouds",15.93,Cool,83,Humid,3.6,"2025-11-15 02:12:06"
224,Houston,"clear sky",22.25,Cool,78,Humid,7.2,"2025-11-15 02:12:06"
225,Phoenix,"clear sky",24.11,Cool,30,Normal,1.62,"2025-11-15 02:12:06"
226,Philadelphia,"overcast clouds",9.62,Cold,55,Normal,2.57,"2025-11-15 02:12:06"
227,"San Antonio","clear sky",23.6,Cool,62,Normal,5.66,"2025-11-15 02:12:06"
228,"San Diego","overcast clouds",18.22,Cool,80,Humid,2.06,"2025-11-15 02:12:06"
229,Dallas,"clear sky",22.66,Cool,70,Humid,4.12,"2025-11-15 02:12:06"
230,"San Jose","clear sky",14.39,Cold,82,Humid,0.45,"2025-11-15 02:12:06"
231,Austin,"clear sky",23.32,Cool,66,Normal,6.71,"2025-11-15 02:12:06"
232,Jacksonville,mist,14.15,Cold,89,Humid,2.06,"2025-11-15 02:12:06"
233,"Fort Worth","clear sky",23.04,Cool,66,Normal,4.12,"2025-11-15 02:12:06"
234,Columbus,"overcast clouds",11.78,Cold,78,Humid,2.06,"2025-11-15 02:12:06"
235,Charlotte,"clear sky",11.61,Cold,45,Normal,2.57,"2025-11-15 02:12:06"
236,"San Francisco","broken clouds",14.51,Cold,78,Humid,4.63,"2025-11-15 02:12:06"
237,Indianapolis,"few clouds",14.43,Cold,83,Humid,3.09,"2025-11-15 02:12:06"
238,Seattle,mist,9.14,Cold,95,Humid,4.63,"2025-11-15 02:12:07"
239,Denver,"overcast clouds",15.39,Cool,25,Dry,1.34,"2025-11-15 02:12:07"
240,Washington,"overcast clouds",8.95,Cold,92,Humid,0.82,"2025-11-15 02:12:07"
241,"New York","scattered clouds",8.49,Cold,53,Normal,3.09,"2025-11-15 02:13:05"
242,"Los Angeles",mist,17.1,Cool,92,Humid,5.66,"2025-11-15 02:13:05"
243,Chicago,"broken clouds",15.93,Cool,83,Humid,3.6,"2025-11-15 02:13:05"
244,Houston,"clear sky",22.25,Cool,78,Humid,7.2,"2025-11-15 02:13:05"
245,Phoenix,"clear sky",24.11,Cool,30,Normal,1.62,"2025-11-15 02:13:05"
246,Philadelphia,"overcast clouds",9.62,Cold,55,Normal,2.57,"2025-11-15 02:13:06"
247,"San Antonio","clear sky",23.6,Cool,62,Normal,5.66,"2025-11-15 02:13:06"
248,"San Diego","overcast clouds",18.22,Cool,80,Humid,2.06,"2025-11-15 02:13:06"
249,Dallas,"clear sky",22.66,Cool,70,Humid,4.12,"2025-11-15 02:13:06"
250,"San Jose","clear sky",14.39,Cold,82,Humid,0.45,"2025-11-15 02:13:06"
251,Austin,"clear sky",23.32,Cool,66,Normal,6.71,"2025-11-15 02:13:06"
252,Jacksonville,mist,14.15,Cold,89,Humid,2.06,"2025-11-15 02:13:06"
253,"Fort Worth","clear sky",23.04,Cool,66,Normal,4.12,"2025-11-15 02:13:06"
254,Columbus,"overcast clouds",11.78,Cold,78,Humid,2.06,"2025-11-15 02:13:06"
255,Charlotte,"clear sky",11.61,Cold,45,Normal,2.57,"2025-11-15 02:13:06"
256,"San Francisco","broken clouds",14.51,Cold,78,Humid,4.63,"2025-11-15 02:13:06"
257,Indianapolis,"few clouds",14.43,Cold,83,Humid,3.09,"2025-11-15 02:13:06"
258,Seattle,mist,9.14,Cold,95,Humid,4.63,"2025-11-15 02:13:06"
259,Denver,"overcast clouds",15.39,Cool,25,Dry,1.34,"2025-11-15 02:13:06"
260,Washington,"overcast clouds",8.95,Cold,92,Humid,0.82,"2025-11-15 02:13:06"
261,"New York","scattered clouds",8.49,Cold,53,Normal,3.09,"2025-11-15 02:14:05"
262,"Los Angeles",mist,17.1,Cool,92,Humid,5.66,"2025-11-15 02:14:05"
263,Chicago,"broken clouds",15.93,Cool,83,Humid,3.6,"2025-11-15 02:14:05"
264,Houston,"clear sky",22.25,Cool,78,Humid,7.2,"2025-11-15 02:14:06"
265,Phoenix,"clear sky",24.11,Cool,30,Normal,1.62,"2025-11-15 02:14:06"
266,Philadelphia,"overcast clouds",9.62,Cold,55,Normal,2.57,"2025-11-15 02:14:06"
267,"San Antonio","clear sky",23.6,Cool,62,Normal,5.66,"2025-11-15 02:14:06"
268,"San Diego","overcast clouds",18.22,Cool,80,Humid,2.06,"2025-11-15 02:14:06"
269,Dallas,"clear sky",22.66,Cool,70,Humid,4.12,"2025-11-15 02:14:06"
270,"San Jose","clear sky",14.39,Cold,82,Humid,0.45,"2025-11-15 02:14:06"
271,Austin,"clear sky",23.32,Cool,66,Normal,6.71,"2025-11-15 02:14:06"
272,Jacksonville,mist,14.15,Cold,89,Humid,2.06,"2025-11-15 02:14:06"
273,"Fort Worth","clear sky",23.04,Cool,66,Normal,4.12,"2025-11-15 02:14:06"
274,Columbus,"overcast clouds",11.78,Cold,78,Humid,2.06,"2025-11-15 02:14:06"
275,Charlotte,"clear sky",11.61,Cold,45,Normal,2.57,"2025-11-15 02:14:06"
276,"San Francisco","broken clouds",14.51,Cold,78,Humid,4.63,"2025-11-15 02:14:06"
277,Indianapolis,"few clouds",14.43,Cold,83,Humid,3.09,"2025-11-15 02:14:06"
278,Seattle,mist,9.14,Cold,95,Humid,4.63,"2025-11-15 02:14:06"
279,Denver,"overcast clouds",15.39,Cool,25,Dry,1.34,"2025-11-15 02:14:06"
280,Washington,"overcast clouds",8.95,Cold,92,Humid,0.82,"2025-11-15 02:14:06"
281,"New York","scattered clouds",8.49,Cold,53,Normal,3.09,"2025-11-15 02:15:06"
282,"Los Angeles",mist,17.1,Cool,92,Humid,5.66,"2025-11-15 02:15:06"
283,Chicago,"broken clouds",15.93,Cool,83,Humid,3.6,"2025-11-15 02:15:06"
284,Houston,"clear sky",22.25,Cool,78,Humid,7.2,"2025-11-15 02:15:06"
285,Phoenix,"clear sky",24.11,Cool,30,Normal,1.62,"2025-11-15 02:15:06"
286,Philadelphia,"overcast clouds",9.62,Cold,55,Normal,2.57,"2025-11-15 02:15:06"
287,"San Antonio","clear sky",23.6,Cool,62,Normal,5.66,"2025-11-15 02:15:06"
288,"San Diego","overcast clouds",18.22,Cool,80,Humid,2.06,"2025-11-15 02:15:06"
289,Dallas,"clear sky",22.66,Cool,70,Humid,4.12,"2025-11-15 02:15:06"
290,"San Jose","clear sky",14.39,Cold,82,Humid,0.45,"2025-11-15 02:15:06"
291,Austin,"clear sky",23.32,Cool,66,Normal,6.71,"2025-11-15 02:15:06"
292,Jacksonville,mist,14.15,Cold,89,Humid,2.06,"2025-11-15 02:15:06"
293,"Fort Worth","clear sky",23.04,Cool,66,Normal,4.12,"2025-11-15 02:15:06"
294,Columbus,"overcast clouds",11.78,Cold,78,Humid,2.06,"2025-11-15 02:15:06"
295,Charlotte,"clear sky",11.61,Cold,45,Normal,2.57,"2025-11-15 02:15:06"
296,"San Francisco","broken clouds",14.51,Cold,78,Humid,4.63,"2025-11-15 02:15:06"
297,Indianapolis,"few clouds",14.43,Cold,83,Humid,3.09,"2025-11-15 02:15:07"
298,Seattle,mist,9.14,Cold,95,Humid,4.63,"2025-11-15 02:15:07"
299,Denver,"overcast clouds",15.39,Cool,25,Dry,1.34,"2025-11-15 02:15:07"
300,Washington,"overcast clouds",8.95,Cold,92,Humid,0.82,"2025-11-15 02:15:07"
301,"New York","scattered clouds",8.49,Cold,53,Normal,3.09,"2025-11-15 02:16:05"
302,"Los Angeles",mist,17.1,Cool,92,Humid,5.66,"2025-11-15 02:16:05"
303,Chicago,"broken clouds",15.93,Cool,83,Humid,3.6,"2025-11-15 02:16:05"
304,Houston,"clear sky",22.25,Cool,78,Humid,7.2,"2025-11-15 02:16:05"
305,Phoenix,"clear sky",24.11,Cool,30,Normal,1.62,"2025-11-15 02:16:05"
306,Philadelphia,"overcast clouds",9.62,Cold,55,Normal,2.57,"2025-11-15 02:16:06"
307,"San Antonio","clear sky",23.6,Cool,62,Normal,5.66,"2025-11-15 02:16:06"
308,"San Diego","overcast clouds",18.22,Cool,80,Humid,2.06,"2025-11-15 02:16:06"
309,Dallas,"clear sky",22.66,Cool,70,Humid,4.12,"2025-11-15 02:16:06"
310,"San Jose","clear sky",14.39,Cold,82,Humid,0.45,"2025-11-15 02:16:06"
311,Austin,"clear sky",23.32,Cool,66,Normal,6.71,"2025-11-15 02:16:06"
312,Jacksonville,mist,14.15,Cold,89,Humid,2.06,"2025-11-15 02:16:06"
313,"Fort Worth","clear sky",23.04,Cool,66,Normal,4.12,"2025-11-15 02:16:06"
314,Columbus,"overcast clouds",11.78,Cold,78,Humid,2.06,"2025-11-15 02:16:06"
315,Charlotte,"clear sky",11.61,Cold,45,Normal,2.57,"2025-11-15 02:16:06"
316,"San Francisco","broken clouds",14.51,Cold,78,Humid,4.63,"2025-11-15 02:16:06"
317,Indianapolis,"few clouds",14.43,Cold,83,Humid,3.09,"2025-11-15 02:16:06"
318,Seattle,mist,9.14,Cold,95,Humid,4.63,"2025-11-15 02:16:06"
319,Denver,"overcast clouds",15.39,Cool,25,Dry,1.34,"2025-11-15 02:16:06"
320,Washington,"overcast clouds",8.95,Cold,92,Humid,0.82,"2025-11-15 02:16:06"
321,"New York","scattered clouds",8.49,Cold,53,Normal,3.09,"2025-11-15 02:17:05"
322,"Los Angeles",mist,17.1,Cool,92,Humid,5.66,"2025-11-15 02:17:05"
323,Chicago,"broken clouds",15.93,Cool,83,Humid,3.6,"2025-11-15 02:17:05"
324,Houston,"clear sky",22.25,Cool,78,Humid,7.2,"2025-11-15 02:17:06"
325,Phoenix,"clear sky",24.11,Cool,30,Normal,1.62,"2025-11-15 02:17:06"
326,Philadelphia,"overcast clouds",9.62,Cold,55,Normal,2.57,"2025-11-15 02:17:06"
327,"San Antonio","clear sky",23.6,Cool,62,Normal,5.66,"2025-11-15 02:17:06"
328,"San Diego","overcast clouds",18.22,Cool,80,Humid,2.06,"2025-11-15 02:17:06"
329,Dallas,"clear sky",22.66,Cool,70,Humid,4.12,"2025-11-15 02:17:06"
330,"San Jose","clear sky",14.39,Cold,82,Humid,0.45,"2025-11-15 02:17:06"
331,Austin,"clear sky",23.32,Cool,66,Normal,6.71,"2025-11-15 02:17:06"
332,Jacksonville,mist,14.15,Cold,89,Humid,2.06,"2025-11-15 02:17:06"
333,"Fort Worth","clear sky",23.04,Cool,66,Normal,4.12,"2025-11-15 02:17:06"
334,Columbus,"overcast clouds",11.78,Cold,78,Humid,2.06,"2025-11-15 02:17:06"
335,Charlotte,"clear sky",11.61,Cold,45,Normal,2.57,"2025-11-15 02:17:06"
336,"San Francisco","broken clouds",14.51,Cold,78,Humid,4.63,"2025-11-15 02:17:06"
337,Indianapolis,"few clouds",14.43,Cold,83,Humid,3.09,"2025-11-15 02:17:06"
338,Seattle,mist,9.14,Cold,95,Humid,4.63,"2025-11-15 02:17:06"
339,Denver,"overcast clouds",15.39,Cool,25,Dry,1.34,"2025-11-15 02:17:06"
340,Washington,"overcast clouds",8.95,Cold,92,Humid,0.82,"2025-11-15 02:17:06"
341,"New York","scattered clouds",8.49,Cold,53,Normal,3.09,"2025-11-15 02:18:05"
342,"Los Angeles",mist,17.1,Cool,92,Humid,5.66,"2025-11-15 02:18:05"
343,Chicago,"broken clouds",15.93,Cool,83,Humid,3.6,"2025-11-15 02:18:06"
344,Houston,"clear sky",22.25,Cool,78,Humid,7.2,"2025-11-15 02:18:06"
345,Phoenix,"clear sky",24.11,Cool,30,Normal,1.62,"2025-11-15 02:18:06"
346,Philadelphia,"overcast clouds",9.62,Cold,55,Normal,2.57,"2025-11-15 02:18:06"
347,"San Antonio","clear sky",23.6,Cool,62,Normal,5.66,"2025-11-15 02:18:06"
348,"San Diego","overcast clouds",18.22,Cool,80,Humid,2.06,"2025-11-15 02:18:06"
349,Dallas,"clear sky",22.66,Cool,70,Humid,4.12,"2025-11-15 02:18:06"
350,"San Jose","clear sky",14.39,Cold,82,Humid,0.45,"2025-11-15 02:18:06"
351,Austin,"clear sky",23.32,Cool,66,Normal,6.71,"2025-11-15 02:18:06"
352,Jacksonville,mist,14.15,Cold,89,Humid,2.06,"2025-11-15 02:18:06"
353,"Fort Worth","clear sky",23.04,Cool,66,Normal,4.12,"2025-11-15 02:18:06"
354,Columbus,"overcast clouds",11.78,Cold,78,Humid,2.06,"2025-11-15 02:18:06"
355,Charlotte,"clear sky",11.61,Cold,45,Normal,2.57,"2025-11-15 02:18:06"
356,"San Francisco","broken clouds",14.51,Cold,78,Humid,4.63,"2025-11-15 02:18:06"
357,Indianapolis,"few clouds",14.43,Cold,83,Humid,3.09,"2025-11-15 02:18:06"
358,Seattle,mist,9.14,Cold,95,Humid,4.63,"2025-11-15 02:18:06"
359,Denver,"overcast clouds",15.39,Cool,25,Dry,1.34,"2025-11-15 02:18:06"
360,Washington,"overcast clouds",8.95,Cold,92,Humid,0.82,"2025-11-15 02:18:07"
361,"New York","scattered clouds",8.49,Cold,53,Normal,3.09,"2025-11-15 02:19:05"
362,"Los Angeles",mist,17.1,Cool,92,Humid,5.66,"2025-11-15 02:19:05"
363,Chicago,"broken clouds",15.93,Cool,83,Humid,3.6,"2025-11-15 02:19:05"
364,Houston,"clear sky",22.25,Cool,78,Humid,7.2,"2025-11-15 02:19:05"
365,Phoenix,"clear sky",24.11,Cool,30,Normal,1.62,"2025-11-15 02:19:05"
366,Philadelphia,"overcast clouds",9.62,Cold,55,Normal,2.57,"2025-11-15 02:19:06"
367,"San Antonio","clear sky",23.6,Cool,62,Normal,5.66,"2025-11-15 02:19:06"
368,"San Diego","overcast clouds",18.22,Cool,80,Humid,2.06,"2025-11-15 02:19:06"
369,Dallas,"clear sky",22.66,Cool,70,Humid,4.12,"2025-11-15 02:19:06"
370,"San Jose","clear sky",14.39,Cold,82,Humid,0.45,"2025-11-15 02:19:06"
371,Austin,"clear sky",23.32,Cool,66,Normal,6.71,"2025-11-15 02:19:06"
372,Jacksonville,mist,14.15,Cold,89,Humid,2.06,"2025-11-15 02:19:06"
373,"Fort Worth","clear sky",23.04,Cool,66,Normal,4.12,"2025-11-15 02:19:06"
374,Columbus,"overcast clouds",11.78,Cold,78,Humid,2.06,"2025-11-15 02:19:06"
375,Charlotte,"clear sky",11.61,Cold,45,Normal,2.57,"2025-11-15 02:19:06"
376,"San Francisco","broken clouds",14.51,Cold,78,Humid,4.63,"2025-11-15 02:19:06"
377,Indianapolis,"few clouds",14.43,Cold,83,Humid,3.09,"2025-11-15 02:19:06"
378,Seattle,mist,9.14,Cold,95,Humid,4.63,"2025-11-15 02:19:06"
379,Denver,"overcast clouds",15.39,Cool,25,Dry,1.34,"2025-11-15 02:19:06"
380,Washington,"overcast clouds",8.95,Cold,92,Humid,0.82,"2025-11-15 02:19:06"
381,"New York","scattered clouds",8.49,Cold,53,Normal,3.09,"2025-11-15 02:20:05"
382,"Los Angeles",mist,17.1,Cool,92,Humid,5.66,"2025-11-15 02:20:05"
383,Chicago,"broken clouds",15.93,Cool,83,Humid,3.6,"2025-11-15 02:20:05"
384,Houston,"clear sky",22.09,Cool,79,Humid,7.2,"2025-11-15 02:20:05"
385,Phoenix,"clear sky",24.11,Cool,30,Normal,1.62,"2025-11-15 02:20:06"
386,Philadelphia,"overcast clouds",9.62,Cold,55,Normal,2.57,"2025-11-15 02:20:06"
387,"San Antonio","clear sky",23.6,Cool,62,Normal,5.66,"2025-11-15 02:20:06"
388,"San Diego","overcast clouds",18.22,Cool,80,Humid,2.06,"2025-11-15 02:20:06"
389,Dallas,"clear sky",22.66,Cool,70,Humid,4.12,"2025-11-15 02:20:06"
390,"San Jose","clear sky",14.39,Cold,82,Humid,0.45,"2025-11-15 02:20:06"
391,Austin,"clear sky",23.32,Cool,66,Normal,6.71,"2025-11-15 02:20:06"
392,Jacksonville,mist,13.9,Cold,89,Humid,2.06,"2025-11-15 02:20:06"
393,"Fort Worth","clear sky",23.04,Cool,66,Normal,4.12,"2025-11-15 02:20:06"
394,Columbus,"overcast clouds",11.78,Cold,78,Humid,2.06,"2025-11-15 02:20:06"
395,Charlotte,"clear sky",11.61,Cold,45,Normal,2.57,"2025-11-15 02:20:06"
396,"San Francisco","broken clouds",14.51,Cold,78,Humid,4.63,"2025-11-15 02:20:06"
397,Indianapolis,"few clouds",14.43,Cold,83,Humid,3.09,"2025-11-15 02:20:06"
398,Seattle,mist,9.19,Cold,95,Humid,4.63,"2025-11-15 02:20:06"
399,Denver,"overcast clouds",15.39,Cool,25,Dry,1.34,"2025-11-15 02:20:06"
400,Washington,"overcast clouds",8.95,Cold,92,Humid,0.82,"2025-11-15 02:20:06"
401,"New York","scattered clouds",8.55,Cold,53,Normal,3.09,"2025-11-15 02:21:05"
402,"Los Angeles","moderate rain",17.2,Cool,91,Humid,5.66,"2025-11-15 02:21:05"
403,Chicago,"broken clouds",15.93,Cool,83,Humid,3.6,"2025-11-15 02:21:05"
404,Houston,"clear sky",22.07,Cool,79,Humid,7.2,"2025-11-15 02:21:06"
405,Phoenix,"clear sky",23.98,Cool,30,Normal,1.62,"2025-11-15 02:21:06"
406,Philadelphia,"overcast clouds",9.62,Cold,55,Normal,2.57,"2025-11-15 02:21:06"
407,"San Antonio","clear sky",23.72,Cool,63,Normal,6.17,"2025-11-15 02:21:06"
408,"San Diego","overcast clouds",18.22,Cool,80,Humid,2.06,"2025-11-15 02:21:06"
409,Dallas,"clear sky",22.64,Cool,71,Humid,4.12,"2025-11-15 02:21:06"
410,"San Jose","clear sky",14.24,Cold,84,Humid,0.45,"2025-11-15 02:21:06"
411,Austin,"clear sky",23.2,Cool,66,Normal,1.79,"2025-11-15 02:21:06"
412,Jacksonville,mist,14.15,Cold,89,Humid,2.06,"2025-11-15 02:21:06"
413,"Fort Worth","clear sky",22.81,Cool,66,Normal,4.12,"2025-11-15 02:21:06"
414,Columbus,"overcast clouds",11.82,Cold,78,Humid,2.06,"2025-11-15 02:21:06"
415,Charlotte,"clear sky",11.61,Cold,45,Normal,2.57,"2025-11-15 02:21:06"
416,"San Francisco","broken clouds",14.42,Cold,78,Humid,4.63,"2025-11-15 02:21:06"
417,Indianapolis,"few clouds",14.43,Cold,83,Humid,3.09,"2025-11-15 02:21:06"
418,Seattle,mist,9.16,Cold,95,Humid,4.63,"2025-11-15 02:21:06"
419,Denver,"overcast clouds",15.48,Cool,25,Dry,1.34,"2025-11-15 02:21:06"
420,Washington,"overcast clouds",8.79,Cold,92,Humid,0.82,"2025-11-15 02:21:06"
421,"New York","scattered clouds",8.55,Cold,53,Normal,3.09,"2025-11-15 02:22:05"
422,"Los Angeles","moderate rain",17.2,Cool,91,Humid,5.66,"2025-11-15 02:22:06"
423,Chicago,"broken clouds",15.93,Cool,83,Humid,3.6,"2025-11-15 02:22:06"
424,Houston,"clear sky",22.07,Cool,79,Humid,7.2,"2025-11-15 02:22:06"
425,Phoenix,"clear sky",23.98,Cool,30,Normal,1.62,"2025-11-15 02:22:06"
426,Philadelphia,"overcast clouds",9.62,Cold,55,Normal,2.57,"2025-11-15 02:22:06"
427,"San Antonio","clear sky",23.72,Cool,63,Normal,6.17,"2025-11-15 02:22:06"
428,"San Diego","overcast clouds",18.22,Cool,80,Humid,2.06,"2025-11-15 02:22:06"
429,Dallas,"clear sky",22.64,Cool,71,Humid,4.12,"2025-11-15 02:22:06"
430,"San Jose","clear sky",14.24,Cold,84,Humid,0.45,"2025-11-15 02:22:06"
431,Austin,"clear sky",23.2,Cool,66,Normal,1.79,"2025-11-15 02:22:06"
432,Jacksonville,mist,14.15,Cold,89,Humid,2.06,"2025-11-15 02:22:06"
433,"Fort Worth","clear sky",22.81,Cool,66,Normal,4.12,"2025-11-15 02:22:06"
434,Columbus,"overcast clouds",11.82,Cold,78,Humid,2.06,"2025-11-15 02:22:06"
435,Charlotte,"clear sky",11.61,Cold,45,Normal,2.57,"2025-11-15 02:22:06"
436,"San Francisco","broken clouds",14.42,Cold,78,Humid,4.63,"2025-11-15 02:22:06"
437,Indianapolis,"few clouds",14.43,Cold,83,Humid,3.09,"2025-11-15 02:22:06"
438,Seattle,mist,9.16,Cold,95,Humid,4.63,"2025-11-15 02:22:06"
439,Denver,"overcast clouds",15.48,Cool,25,Dry,1.34,"2025-11-15 02:22:06"
440,Washington,"overcast clouds",8.79,Cold,92,Humid,0.82,"2025-11-15 02:22:07"
441,"New York","scattered clouds",8.55,Cold,53,Normal,3.09,"2025-11-15 02:23:05"
442,"Los Angeles","moderate rain",17.2,Cool,91,Humid,5.66,"2025-11-15 02:23:05"
443,Chicago,"broken clouds",15.93,Cool,83,Humid,3.6,"2025-11-15 02:23:05"
444,Houston,"clear sky",22.07,Cool,79,Humid,7.2,"2025-11-15 02:23:05"
445,Phoenix,"clear sky",23.98,Cool,30,Normal,1.62,"2025-11-15 02:23:06"
446,Philadelphia,"overcast clouds",9.62,Cold,55,Normal,2.57,"2025-11-15 02:23:06"
447,"San Antonio","clear sky",23.72,Cool,63,Normal,6.17,"2025-11-15 02:23:06"
448,"San Diego","overcast clouds",18.22,Cool,80,Humid,2.06,"2025-11-15 02:23:06"
449,Dallas,"clear sky",22.64,Cool,71,Humid,4.12,"2025-11-15 02:23:06"
450,"San Jose","clear sky",14.24,Cold,84,Humid,0.45,"2025-11-15 02:23:06"
451,Austin,"clear sky",23.2,Cool,66,Normal,1.79,"2025-11-15 02:23:06"
452,Jacksonville,mist,14.15,Cold,89,Humid,2.06,"2025-11-15 02:23:06"
453,"Fort Worth","clear sky",22.81,Cool,66,Normal,4.12,"2025-11-15 02:23:06"
454,Columbus,"overcast clouds",11.82,Cold,78,Humid,2.06,"2025-11-15 02:23:06"
455,Charlotte,"clear sky",11.61,Cold,45,Normal,2.57,"2025-11-15 02:23:06"
456,"San Francisco","broken clouds",14.42,Cold,78,Humid,4.63,"2025-11-15 02:23:06"
457,Indianapolis,"few clouds",14.43,Cold,83,Humid,3.09,"2025-11-15 02:23:06"
458,Seattle,mist,9.16,Cold,95,Humid,4.63,"2025-11-15 02:23:06"
459,Denver,"overcast clouds",15.48,Cool,25,Dry,1.34,"2025-11-15 02:23:06"
460,Washington,"overcast clouds",8.79,Cold,92,Humid,0.82,"2025-11-15 02:23:06"
461,"New York","scattered clouds",8.55,Cold,53,Normal,3.09,"2025-11-15 02:24:05"
462,"Los Angeles","moderate rain",17.2,Cool,91,Humid,5.66,"2025-11-15 02:24:05"
463,Chicago,"broken clouds",15.93,Cool,83,Humid,3.6,"2025-11-15 02:24:05"
464,Houston,"clear sky",22.07,Cool,79,Humid,7.2,"2025-11-15 02:24:06"
465,Phoenix,"clear sky",23.98,Cool,30,Normal,1.62,"2025-11-15 02:24:06"
466,Philadelphia,"overcast clouds",9.62,Cold,55,Normal,2.57,"2025-11-15 02:24:06"
467,"San Antonio","clear sky",23.72,Cool,63,Normal,6.17,"2025-11-15 02:24:06"
468,"San Diego","overcast clouds",18.22,Cool,80,Humid,2.06,"2025-11-15 02:24:06"
469,Dallas,"clear sky",22.64,Cool,71,Humid,4.12,"2025-11-15 02:24:06"
470,"San Jose","clear sky",14.24,Cold,84,Humid,0.45,"2025-11-15 02:24:06"
471,Austin,"clear sky",23.2,Cool,66,Normal,1.79,"2025-11-15 02:24:06"
472,Jacksonville,mist,14.15,Cold,89,Humid,2.06,"2025-11-15 02:24:06"
473,"Fort Worth","clear sky",22.81,Cool,66,Normal,4.12,"2025-11-15 02:24:06"
474,Columbus,"overcast clouds",11.82,Cold,78,Humid,2.06,"2025-11-15 02:24:06"
475,Charlotte,"clear sky",11.61,Cold,45,Normal,2.57,"2025-11-15 02:24:06"
476,"San Francisco","broken clouds",14.42,Cold,78,Humid,4.63,"2025-11-15 02:24:06"
477,Indianapolis,"few clouds",14.43,Cold,83,Humid,3.09,"2025-11-15 02:24:06"
478,Seattle,mist,9.16,Cold,95,Humid,4.63,"2025-11-15 02:24:06"
479,Denver,"overcast clouds",15.48,Cool,25,Dry,1.34,"2025-11-15 02:24:06"
480,Washington,"overcast clouds",8.79,Cold,92,Humid,0.82,"2025-11-15 02:24:06"
481,"New York","scattered clouds",8.55,Cold,53,Normal,3.09,"2025-11-15 02:25:06"
482,"Los Angeles","moderate rain",17.2,Cool,91,Humid,5.66,"2025-11-15 02:25:06"
483,Chicago,"broken clouds",15.93,Cool,83,Humid,3.6,"2025-11-15 02:25:06"
484,Houston,"clear sky",22.07,Cool,79,Humid,7.2,"2025-11-15 02:25:06"
485,Phoenix,"clear sky",23.98,Cool,30,Normal,1.62,"2025-11-15 02:25:06"
486,Philadelphia,"overcast clouds",9.62,Cold,55,Normal,2.57,"2025-11-15 02:25:06"
487,"San Antonio","clear sky",23.72,Cool,63,Normal,6.17,"2025-11-15 02:25:06"
488,"San Diego","overcast clouds",18.22,Cool,80,Humid,2.06,"2025-11-15 02:25:06"
489,Dallas,"clear sky",22.64,Cool,71,Humid,4.12,"2025-11-15 02:25:06"
490,"San Jose","clear sky",14.24,Cold,84,Humid,0.45,"2025-11-15 02:25:06"
491,Austin,"clear sky",23.2,Cool,66,Normal,1.79,"2025-11-15 02:25:06"
492,Jacksonville,mist,14.15,Cold,89,Humid,2.06,"2025-11-15 02:25:06"
493,"Fort Worth","clear sky",22.81,Cool,66,Normal,4.12,"2025-11-15 02:25:06"
494,Columbus,"overcast clouds",11.82,Cold,78,Humid,2.06,"2025-11-15 02:25:06"
495,Charlotte,"clear sky",11.52,Cold,46,Normal,2.57,"2025-11-15 02:25:06"
496,"San Francisco","broken clouds",14.42,Cold,78,Humid,4.63,"2025-11-15 02:25:07"
497,Indianapolis,"few clouds",14.43,Cold,83,Humid,3.09,"2025-11-15 02:25:07"
498,Seattle,mist,9.16,Cold,95,Humid,4.63,"2025-11-15 02:25:07"
499,Denver,"overcast clouds",15.48,Cool,25,Dry,1.34,"2025-11-15 02:25:07"
500,Washington,"overcast clouds",8.79,Cold,92,Humid,0.82,"2025-11-15 02:25:07"
501,"New York","scattered clouds",8.46,Cold,54,Normal,3.09,"2025-11-15 02:26:05"
502,"Los Angeles","moderate rain",17.14,Cool,91,Humid,5.66,"2025-11-15 02:26:05"
503,Chicago,"broken clouds",15.91,Cool,83,Humid,3.6,"2025-11-15 02:26:05"
504,Houston,"clear sky",22.09,Cool,79,Humid,7.2,"2025-11-15 02:26:06"
505,Phoenix,"clear sky",24.06,Cool,30,Normal,1.62,"2025-11-15 02:26:06"
506,Philadelphia,"overcast clouds",9.63,Cold,55,Normal,2.57,"2025-11-15 02:26:06"
507,"San Antonio","clear sky",23.61,Cool,63,Normal,6.17,"2025-11-15 02:26:06"
508,"San Diego","overcast clouds",18.18,Cool,80,Humid,2.06,"2025-11-15 02:26:06"
509,Dallas,"clear sky",22.53,Cool,71,Humid,4.12,"2025-11-15 02:26:06"
510,"San Jose","clear sky",14.22,Cold,84,Humid,0.45,"2025-11-15 02:26:06"
511,Austin,"clear sky",23.13,Cool,67,Normal,6.71,"2025-11-15 02:26:06"
512,Jacksonville,mist,13.9,Cold,89,Humid,2.06,"2025-11-15 02:26:06"
513,"Fort Worth","clear sky",22.76,Cool,67,Normal,4.12,"2025-11-15 02:26:06"
514,Columbus,"overcast clouds",11.78,Cold,78,Humid,2.06,"2025-11-15 02:26:06"
515,Charlotte,"clear sky",11.74,Cold,45,Normal,2.57,"2025-11-15 02:26:06"
516,"San Francisco","broken clouds",14.42,Cold,78,Humid,4.63,"2025-11-15 02:26:06"
517,Indianapolis,"few clouds",14.25,Cold,83,Humid,3.09,"2025-11-15 02:26:06"
518,Seattle,mist,9.19,Cold,95,Humid,4.63,"2025-11-15 02:26:06"
519,Denver,"overcast clouds",15.47,Cool,25,Dry,1.34,"2025-11-15 02:26:06"
520,Washington,"overcast clouds",9.02,Cold,92,Humid,0.82,"2025-11-15 02:26:06"
521,"New York","scattered clouds",8.46,Cold,54,Normal,3.09,"2025-11-15 02:27:05"
522,"Los Angeles","moderate rain",17.14,Cool,91,Humid,5.66,"2025-11-15 02:27:05"
523,Chicago,"broken clouds",15.91,Cool,83,Humid,3.6,"2025-11-15 02:27:06"
524,Houston,"clear sky",22.09,Cool,79,Humid,7.2,"2025-11-15 02:27:06"
525,Phoenix,"clear sky",24.06,Cool,30,Normal,1.62,"2025-11-15 02:27:06"
526,Philadelphia,"overcast clouds",9.63,Cold,55,Normal,2.57,"2025-11-15 02:27:06"
527,"San Antonio","clear sky",23.61,Cool,63,Normal,6.17,"2025-11-15 02:27:06"
528,"San Diego","overcast clouds",18.18,Cool,80,Humid,2.06,"2025-11-15 02:27:06"
529,Dallas,"clear sky",22.53,Cool,71,Humid,4.12,"2025-11-15 02:27:06"
530,"San Jose","clear sky",14.22,Cold,84,Humid,0.45,"2025-11-15 02:27:06"
531,Austin,"clear sky",23.13,Cool,67,Normal,6.71,"2025-11-15 02:27:06"
532,Jacksonville,mist,13.9,Cold,89,Humid,2.06,"2025-11-15 02:27:06"
533,"Fort Worth","clear sky",22.76,Cool,67,Normal,4.12,"2025-11-15 02:27:06"
534,Columbus,"overcast clouds",11.78,Cold,78,Humid,2.06,"2025-11-15 02:27:06"
535,Charlotte,"clear sky",11.74,Cold,45,Normal,2.57,"2025-11-15 02:27:06"
536,"San Francisco","broken clouds",14.42,Cold,78,Humid,4.63,"2025-11-15 02:27:06"
537,Indianapolis,"few clouds",14.25,Cold,83,Humid,3.09,"2025-11-15 02:27:06"
538,Seattle,mist,9.19,Cold,95,Humid,4.63,"2025-11-15 02:27:06"
539,Denver,"overcast clouds",15.47,Cool,25,Dry,1.34,"2025-11-15 02:27:06"
540,Washington,"overcast clouds",9.02,Cold,92,Humid,0.82,"2025-11-15 02:27:07"
541,"New York","scattered clouds",8.46,Cold,54,Normal,3.09,"2025-11-15 02:28:05"
542,"Los Angeles","moderate rain",17.14,Cool,91,Humid,5.66,"2025-11-15 02:28:05"
543,Chicago,"broken clouds",15.91,Cool,83,Humid,3.6,"2025-11-15 02:28:06"
544,Houston,"clear sky",22.09,Cool,79,Humid,7.2,"2025-11-15 02:28:06"
545,Phoenix,"clear sky",24.06,Cool,30,Normal,1.62,"2025-11-15 02:28:06"
546,Philadelphia,"overcast clouds",9.63,Cold,55,Normal,2.57,"2025-11-15 02:28:06"
547,"San Antonio","clear sky",23.61,Cool,63,Normal,6.17,"2025-11-15 02:28:06"
548,"San Diego","overcast clouds",18.18,Cool,80,Humid,2.06,"2025-11-15 02:28:06"
549,Dallas,"clear sky",22.53,Cool,71,Humid,4.12,"2025-11-15 02:28:06"
550,"San Jose","clear sky",14.22,Cold,84,Humid,0.45,"2025-11-15 02:28:06"
551,Austin,"clear sky",23.13,Cool,67,Normal,6.71,"2025-11-15 02:28:06"
552,Jacksonville,mist,13.9,Cold,89,Humid,2.06,"2025-11-15 02:28:06"
553,"Fort Worth","clear sky",22.76,Cool,67,Normal,4.12,"2025-11-15 02:28:06"
554,Columbus,"overcast clouds",11.78,Cold,78,Humid,2.06,"2025-11-15 02:28:06"
555,Charlotte,"clear sky",11.74,Cold,45,Normal,2.57,"2025-11-15 02:28:06"
556,"San Francisco","broken clouds",14.42,Cold,78,Humid,4.63,"2025-11-15 02:28:06"
557,Indianapolis,"few clouds",14.25,Cold,83,Humid,3.09,"2025-11-15 02:28:06"
558,Seattle,mist,9.19,Cold,95,Humid,4.63,"2025-11-15 02:28:06"
559,Denver,"overcast clouds",15.47,Cool,25,Dry,1.34,"2025-11-15 02:28:06"
560,Washington,"overcast clouds",9.02,Cold,92,Humid,0.82,"2025-11-15 02:28:07"
561,"New York","scattered clouds",8.46,Cold,54,Normal,3.09,"2025-11-15 02:29:05"
562,"Los Angeles","moderate rain",17.14,Cool,91,Humid,5.66,"2025-11-15 02:29:05"
563,Chicago,"broken clouds",15.91,Cool,83,Humid,3.6,"2025-11-15 02:29:05"
564,Houston,"clear sky",22.09,Cool,79,Humid,7.2,"2025-11-15 02:29:05"
565,Phoenix,"clear sky",24.06,Cool,30,Normal,1.62,"2025-11-15 02:29:05"
566,Philadelphia,"overcast clouds",9.63,Cold,55,Normal,2.57,"2025-11-15 02:29:06"
567,"San Antonio","clear sky",23.61,Cool,63,Normal,6.17,"2025-11-15 02:29:06"
568,"San Diego","overcast clouds",18.18,Cool,80,Humid,2.06,"2025-11-15 02:29:06"
569,Dallas,"clear sky",22.53,Cool,71,Humid,4.12,"2025-11-15 02:29:06"
570,"San Jose","clear sky",14.22,Cold,84,Humid,0.45,"2025-11-15 02:29:06"
571,Austin,"clear sky",23.13,Cool,67,Normal,6.71,"2025-11-15 02:29:06"
572,Jacksonville,mist,13.9,Cold,89,Humid,2.06,"2025-11-15 02:29:06"
573,"Fort Worth","clear sky",22.76,Cool,67,Normal,4.12,"2025-11-15 02:29:06"
574,Columbus,"overcast clouds",11.78,Cold,78,Humid,2.06,"2025-11-15 02:29:06"
575,Charlotte,"clear sky",11.74,Cold,45,Normal,2.57,"2025-11-15 02:29:06"
576,"San Francisco","broken clouds",14.42,Cold,78,Humid,4.63,"2025-11-15 02:29:06"
577,Indianapolis,"few clouds",14.25,Cold,83,Humid,3.09,"2025-11-15 02:29:06"
578,Seattle,mist,9.19,Cold,95,Humid,4.63,"2025-11-15 02:29:06"
579,Denver,"overcast clouds",15.47,Cool,25,Dry,1.34,"2025-11-15 02:29:06"
580,Washington,"overcast clouds",9.02,Cold,92,Humid,0.82,"2025-11-15 02:29:06"
581,"New York","scattered clouds",8.46,Cold,54,Normal,3.09,"2025-11-15 02:30:05"
582,"Los Angeles","moderate rain",17.14,Cool,91,Humid,5.66,"2025-11-15 02:30:05"
583,Chicago,"broken clouds",15.91,Cool,83,Humid,3.6,"2025-11-15 02:30:05"
584,Houston,"clear sky",22.09,Cool,79,Humid,7.2,"2025-11-15 02:30:05"
585,Phoenix,"clear sky",24.06,Cool,30,Normal,1.62,"2025-11-15 02:30:06"
586,Philadelphia,"overcast clouds",9.63,Cold,55,Normal,2.57,"2025-11-15 02:30:06"
587,"San Antonio","clear sky",23.61,Cool,63,Normal,6.17,"2025-11-15 02:30:06"
588,"San Diego","overcast clouds",18.18,Cool,80,Humid,2.06,"2025-11-15 02:30:06"
589,Dallas,"clear sky",22.53,Cool,71,Humid,4.12,"2025-11-15 02:30:06"
590,"San Jose","clear sky",14.22,Cold,84,Humid,0.45,"2025-11-15 02:30:06"
591,Austin,"clear sky",23.13,Cool,67,Normal,6.71,"2025-11-15 02:30:06"
592,Jacksonville,mist,13.9,Cold,89,Humid,2.06,"2025-11-15 02:30:06"
593,"Fort Worth","clear sky",22.76,Cool,67,Normal,4.12,"2025-11-15 02:30:06"
594,Columbus,"overcast clouds",11.78,Cold,78,Humid,2.06,"2025-11-15 02:30:06"
595,Charlotte,"clear sky",11.74,Cold,45,Normal,2.57,"2025-11-15 02:30:06"
596,"San Francisco","broken clouds",14.42,Cold,78,Humid,4.63,"2025-11-15 02:30:06"
597,Indianapolis,"few clouds",14.25,Cold,83,Humid,3.09,"2025-11-15 02:30:06"
598,Seattle,mist,9.19,Cold,95,Humid,4.63,"2025-11-15 02:30:06"
599,Denver,"overcast clouds",15.47,Cool,25,Dry,1.34,"2025-11-15 02:30:06"
600,Washington,"overcast clouds",9.02,Cold,92,Humid,0.82,"2025-11-15 02:30:06"
601,"New York","scattered clouds",8.46,Cold,54,Normal,3.09,"2025-11-15 02:31:05"
602,"Los Angeles","moderate rain",17.2,Cool,91,Humid,5.66,"2025-11-15 02:31:05"
603,Chicago,"broken clouds",15.82,Cool,83,Humid,3.6,"2025-11-15 02:31:06"
604,Houston,"clear sky",22.07,Cool,79,Humid,7.2,"2025-11-15 02:31:06"
605,Phoenix,"clear sky",24.2,Cool,29,Dry,1.62,"2025-11-15 02:31:06"
606,Philadelphia,"overcast clouds",9.62,Cold,55,Normal,2.57,"2025-11-15 02:31:06"
607,"San Antonio","clear sky",23.72,Cool,63,Normal,6.17,"2025-11-15 02:31:06"
608,"San Diego","overcast clouds",18.19,Cool,80,Humid,2.06,"2025-11-15 02:31:06"
609,Dallas,"clear sky",22.47,Cool,71,Humid,4.12,"2025-11-15 02:31:06"
610,"San Jose","clear sky",14.24,Cold,84,Humid,0.45,"2025-11-15 02:31:06"
611,Austin,"clear sky",23.2,Cool,66,Normal,1.79,"2025-11-15 02:31:06"
612,Jacksonville,mist,13.9,Cold,88,Humid,2.06,"2025-11-15 02:31:06"
613,"Fort Worth","clear sky",22.81,Cool,66,Normal,4.12,"2025-11-15 02:31:06"
614,Columbus,"overcast clouds",11.82,Cold,78,Humid,2.06,"2025-11-15 02:31:06"
615,Charlotte,"clear sky",11.52,Cold,46,Normal,2.57,"2025-11-15 02:31:06"
616,"San Francisco","broken clouds",14.42,Cold,78,Humid,4.63,"2025-11-15 02:31:06"
617,Indianapolis,"few clouds",14.43,Cold,83,Humid,3.09,"2025-11-15 02:31:06"
618,Seattle,mist,9.2,Cold,95,Humid,4.63,"2025-11-15 02:31:06"
619,Denver,"broken clouds",15.3,Cool,25,Dry,1.34,"2025-11-15 02:31:07"
620,Washington,"overcast clouds",8.79,Cold,92,Humid,0.82,"2025-11-15 02:31:07"
621,"New York","scattered clouds",8.46,Cold,54,Normal,3.09,"2025-11-15 02:32:05"
622,"Los Angeles","moderate rain",17.09,Cool,91,Humid,5.66,"2025-11-15 02:32:05"
623,Chicago,"broken clouds",15.82,Cool,83,Humid,3.6,"2025-11-15 02:32:06"
624,Houston,"clear sky",22.02,Cool,80,Humid,7.2,"2025-11-15 02:32:06"
625,Phoenix,"clear sky",24.2,Cool,29,Dry,1.62,"2025-11-15 02:32:06"
626,Philadelphia,"overcast clouds",9.62,Cold,55,Normal,2.57,"2025-11-15 02:32:06"
627,"San Antonio","clear sky",23.45,Cool,65,Normal,6.17,"2025-11-15 02:32:06"
628,"San Diego","overcast clouds",18.19,Cool,80,Humid,2.06,"2025-11-15 02:32:06"
629,Dallas,"clear sky",22.47,Cool,71,Humid,4.12,"2025-11-15 02:32:06"
630,"San Jose","clear sky",13.98,Cold,83,Humid,0.45,"2025-11-15 02:32:06"
631,Austin,"clear sky",23.01,Cool,68,Normal,5.81,"2025-11-15 02:32:06"
632,Jacksonville,mist,13.9,Cold,88,Humid,2.06,"2025-11-15 02:32:06"
633,"Fort Worth","clear sky",22.71,Cool,67,Normal,4.12,"2025-11-15 02:32:06"
634,Columbus,"overcast clouds",11.83,Cold,78,Humid,2.06,"2025-11-15 02:32:06"
635,Charlotte,"clear sky",11.52,Cold,46,Normal,2.57,"2025-11-15 02:32:06"
636,"San Francisco","broken clouds",14.26,Cold,79,Humid,4.63,"2025-11-15 02:32:06"
637,Indianapolis,"few clouds",14.23,Cold,83,Humid,3.09,"2025-11-15 02:32:06"
638,Seattle,mist,9.2,Cold,95,Humid,4.63,"2025-11-15 02:32:06"
639,Denver,"broken clouds",15.3,Cool,25,Dry,1.34,"2025-11-15 02:32:07"
640,Washington,"overcast clouds",9.02,Cold,92,Humid,1,"2025-11-15 02:32:07"
641,"New York","scattered clouds",8.46,Cold,54,Normal,3.09,"2025-11-15 02:33:05"
642,"Los Angeles","moderate rain",17.09,Cool,91,Humid,5.66,"2025-11-15 02:33:05"
643,Chicago,"broken clouds",15.82,Cool,83,Humid,3.6,"2025-11-15 02:33:05"
644,Houston,"clear sky",22.02,Cool,80,Humid,7.2,"2025-11-15 02:33:05"
645,Phoenix,"clear sky",24.2,Cool,29,Dry,1.62,"2025-11-15 02:33:06"
646,Philadelphia,"overcast clouds",9.62,Cold,55,Normal,2.57,"2025-11-15 02:33:06"
647,"San Antonio","clear sky",23.45,Cool,65,Normal,6.17,"2025-11-15 02:33:06"
648,"San Diego","overcast clouds",18.19,Cool,80,Humid,2.06,"2025-11-15 02:33:06"
649,Dallas,"clear sky",22.47,Cool,71,Humid,4.12,"2025-11-15 02:33:06"
650,"San Jose","clear sky",13.98,Cold,83,Humid,0.45,"2025-11-15 02:33:06"
651,Austin,"clear sky",23.01,Cool,68,Normal,5.81,"2025-11-15 02:33:06"
652,Jacksonville,mist,13.9,Cold,88,Humid,2.06,"2025-11-15 02:33:06"
653,"Fort Worth","clear sky",22.71,Cool,67,Normal,4.12,"2025-11-15 02:33:06"
654,Columbus,"overcast clouds",11.83,Cold,78,Humid,2.06,"2025-11-15 02:33:06"
655,Charlotte,"clear sky",11.52,Cold,46,Normal,2.57,"2025-11-15 02:33:06"
656,"San Francisco","broken clouds",14.26,Cold,79,Humid,4.63,"2025-11-15 02:33:06"
657,Indianapolis,"few clouds",14.23,Cold,83,Humid,3.09,"2025-11-15 02:33:06"
658,Seattle,mist,9.2,Cold,95,Humid,4.63,"2025-11-15 02:33:06"
659,Denver,"broken clouds",15.3,Cool,25,Dry,1.34,"2025-11-15 02:33:06"
660,Washington,"overcast clouds",9.02,Cold,92,Humid,1,"2025-11-15 02:33:06"
661,"New York","scattered clouds",8.46,Cold,54,Normal,3.09,"2025-11-15 02:34:05"
662,"Los Angeles","moderate rain",17.09,Cool,91,Humid,5.66,"2025-11-15 02:34:05"
663,Chicago,"broken clouds",15.82,Cool,83,Humid,3.6,"2025-11-15 02:34:05"
664,Houston,"clear sky",22.02,Cool,80,Humid,7.2,"2025-11-15 02:34:06"
665,Phoenix,"clear sky",24.2,Cool,29,Dry,1.62,"2025-11-15 02:34:06"
666,Philadelphia,"overcast clouds",9.51,Cold,54,Normal,2.57,"2025-11-15 02:34:06"
667,"San Antonio","clear sky",23.45,Cool,65,Normal,6.17,"2025-11-15 02:34:06"
668,"San Diego","overcast clouds",18.19,Cool,80,Humid,2.06,"2025-11-15 02:34:06"
669,Dallas,"clear sky",22.47,Cool,71,Humid,4.12,"2025-11-15 02:34:06"
670,"San Jose","clear sky",13.98,Cold,83,Humid,0.45,"2025-11-15 02:34:06"
671,Austin,"clear sky",23.01,Cool,68,Normal,5.81,"2025-11-15 02:34:06"
672,Jacksonville,mist,13.9,Cold,88,Humid,2.06,"2025-11-15 02:34:06"
673,"Fort Worth","clear sky",22.71,Cool,67,Normal,4.12,"2025-11-15 02:34:06"
674,Columbus,"overcast clouds",11.83,Cold,78,Humid,2.06,"2025-11-15 02:34:06"
675,Charlotte,"clear sky",11.52,Cold,46,Normal,2.57,"2025-11-15 02:34:06"
676,"San Francisco","broken clouds",14.26,Cold,79,Humid,4.63,"2025-11-15 02:34:06"
677,Indianapolis,"few clouds",14.23,Cold,83,Humid,3.09,"2025-11-15 02:34:06"
678,Seattle,mist,9.2,Cold,95,Humid,4.63,"2025-11-15 02:34:06"
679,Denver,"broken clouds",15.3,Cool,25,Dry,1.34,"2025-11-15 02:34:06"
680,Washington,"overcast clouds",9.02,Cold,92,Humid,1,"2025-11-15 02:34:07"
681,"New York","scattered clouds",8.46,Cold,54,Normal,3.09,"2025-11-15 02:35:05"
682,"Los Angeles","moderate rain",17.09,Cool,91,Humid,5.66,"2025-11-15 02:35:05"
683,Chicago,"broken clouds",15.82,Cool,83,Humid,3.6,"2025-11-15 02:35:06"
684,Houston,"clear sky",22.02,Cool,80,Humid,7.2,"2025-11-15 02:35:06"
685,Phoenix,"clear sky",24.2,Cool,29,Dry,1.62,"2025-11-15 02:35:06"
686,Philadelphia,"overcast clouds",9.51,Cold,54,Normal,2.57,"2025-11-15 02:35:06"
687,"San Antonio","clear sky",23.45,Cool,65,Normal,6.17,"2025-11-15 02:35:06"
688,"San Diego","overcast clouds",18.19,Cool,80,Humid,2.06,"2025-11-15 02:35:06"
689,Dallas,"clear sky",22.47,Cool,71,Humid,4.12,"2025-11-15 02:35:06"
690,"San Jose","clear sky",13.98,Cold,83,Humid,0.45,"2025-11-15 02:35:06"
691,Austin,"clear sky",23.01,Cool,68,Normal,5.81,"2025-11-15 02:35:06"
692,Jacksonville,mist,13.9,Cold,88,Humid,2.06,"2025-11-15 02:35:06"
693,"Fort Worth","clear sky",22.71,Cool,67,Normal,4.12,"2025-11-15 02:35:06"
694,Columbus,"overcast clouds",11.83,Cold,78,Humid,2.06,"2025-11-15 02:35:06"
695,Charlotte,"clear sky",11.52,Cold,46,Normal,2.57,"2025-11-15 02:35:06"
696,"San Francisco","broken clouds",14.26,Cold,79,Humid,4.63,"2025-11-15 02:35:06"
697,Indianapolis,"few clouds",14.23,Cold,83,Humid,3.09,"2025-11-15 02:35:06"
698,Seattle,mist,9.2,Cold,95,Humid,4.63,"2025-11-15 02:35:06"
699,Denver,"broken clouds",15.3,Cool,25,Dry,1.34,"2025-11-15 02:35:07"
700,Washington,"overcast clouds",9.02,Cold,92,Humid,1,"2025-11-15 02:35:07"
701,"New York","scattered clouds",8.4,Cold,53,Normal,3.09,"2025-11-15 02:36:05"
702,"Los Angeles","moderate rain",17.07,Cool,92,Humid,5.66,"2025-11-15 02:36:05"
703,Chicago,"broken clouds",15.86,Cool,84,Humid,3.6,"2025-11-15 02:36:05"
704,Houston,"clear sky",21.85,Cool,80,Humid,6.17,"2025-11-15 02:36:05"
705,Phoenix,"clear sky",24.2,Cool,29,Dry,1.62,"2025-11-15 02:36:06"
706,Philadelphia,"overcast clouds",9.56,Cold,54,Normal,2.57,"2025-11-15 02:36:06"
707,"San Antonio","clear sky",23.41,Cool,65,Normal,6.17,"2025-11-15 02:36:06"
708,"San Diego","overcast clouds",18.19,Cool,80,Humid,2.06,"2025-11-15 02:36:06"
709,Dallas,"clear sky",22.53,Cool,71,Humid,4.12,"2025-11-15 02:36:06"
710,"San Jose","clear sky",13.98,Cold,83,Humid,0.45,"2025-11-15 02:36:06"
711,Austin,"clear sky",23.09,Cool,67,Normal,6.71,"2025-11-15 02:36:06"
712,Jacksonville,mist,13.9,Cold,88,Humid,2.06,"2025-11-15 02:36:06"
713,"Fort Worth","clear sky",22.57,Cool,67,Normal,4.12,"2025-11-15 02:36:06"
714,Columbus,"overcast clouds",11.83,Cold,78,Humid,2.06,"2025-11-15 02:36:06"
715,Charlotte,"clear sky",11.74,Cold,46,Normal,2.57,"2025-11-15 02:36:06"
716,"San Francisco","broken clouds",14.26,Cold,79,Humid,4.63,"2025-11-15 02:36:06"
717,Indianapolis,"few clouds",14.22,Cold,83,Humid,3.09,"2025-11-15 02:36:06"
718,Seattle,mist,9.2,Cold,95,Humid,4.63,"2025-11-15 02:36:06"
719,Denver,"broken clouds",14.3,Cold,27,Dry,0.89,"2025-11-15 02:36:06"
720,Washington,"overcast clouds",9.02,Cold,92,Humid,1,"2025-11-15 02:36:06"
721,"New York","scattered clouds",8.4,Cold,53,Normal,3.09,"2025-11-15 02:37:05"
722,"Los Angeles","moderate rain",17.07,Cool,92,Humid,5.66,"2025-11-15 02:37:06"
723,Chicago,"broken clouds",15.86,Cool,84,Humid,3.6,"2025-11-15 02:37:06"
724,Houston,"clear sky",21.85,Cool,80,Humid,6.17,"2025-11-15 02:37:06"
725,Phoenix,"clear sky",23.75,Cool,30,Normal,1.85,"2025-11-15 02:37:06"
726,Philadelphia,"overcast clouds",9.56,Cold,54,Normal,2.57,"2025-11-15 02:37:06"
727,"San Antonio","clear sky",23.41,Cool,65,Normal,6.17,"2025-11-15 02:37:06"
728,"San Diego","overcast clouds",18.19,Cool,80,Humid,2.06,"2025-11-15 02:37:06"
729,Dallas,"clear sky",22.45,Cool,71,Humid,4.12,"2025-11-15 02:37:06"
730,"San Jose","clear sky",13.98,Cold,83,Humid,0.45,"2025-11-15 02:37:06"
731,Austin,"clear sky",23.09,Cool,67,Normal,6.71,"2025-11-15 02:37:06"
732,Jacksonville,mist,13.9,Cold,88,Humid,2.06,"2025-11-15 02:37:06"
733,"Fort Worth","clear sky",22.57,Cool,67,Normal,4.12,"2025-11-15 02:37:06"
734,Columbus,"overcast clouds",11.83,Cold,78,Humid,2.06,"2025-11-15 02:37:06"
735,Charlotte,"clear sky",11.74,Cold,46,Normal,2.57,"2025-11-15 02:37:06"
736,"San Francisco","broken clouds",14.26,Cold,79,Humid,4.63,"2025-11-15 02:37:06"
737,Indianapolis,"few clouds",14.22,Cold,83,Humid,3.09,"2025-11-15 02:37:06"
738,Seattle,mist,9.2,Cold,95,Humid,4.63,"2025-11-15 02:37:07"
739,Denver,"broken clouds",14.3,Cold,27,Dry,0.89,"2025-11-15 02:37:07"
740,Washington,"overcast clouds",9.02,Cold,92,Humid,1,"2025-11-15 02:37:07"
741,"New York","scattered clouds",8.4,Cold,53,Normal,3.09,"2025-11-15 02:38:05"
742,"Los Angeles","moderate rain",17.07,Cool,92,Humid,5.66,"2025-11-15 02:38:05"
743,Chicago,"broken clouds",15.86,Cool,84,Humid,3.6,"2025-11-15 02:38:06"
744,Houston,"clear sky",21.85,Cool,80,Humid,6.17,"2025-11-15 02:38:06"
745,Phoenix,"clear sky",23.75,Cool,30,Normal,1.85,"2025-11-15 02:38:06"
746,Philadelphia,"overcast clouds",9.56,Cold,54,Normal,2.57,"2025-11-15 02:38:06"
747,"San Antonio","clear sky",23.41,Cool,65,Normal,6.17,"2025-11-15 02:38:06"
748,"San Diego","overcast clouds",18.19,Cool,80,Humid,2.06,"2025-11-15 02:38:06"
749,Dallas,"clear sky",22.45,Cool,71,Humid,4.12,"2025-11-15 02:38:06"
750,"San Jose","clear sky",13.98,Cold,83,Humid,0.45,"2025-11-15 02:38:06"
751,Austin,"clear sky",23.09,Cool,67,Normal,6.71,"2025-11-15 02:38:06"
752,Jacksonville,mist,13.9,Cold,88,Humid,2.06,"2025-11-15 02:38:06"
753,"Fort Worth","clear sky",22.57,Cool,67,Normal,4.12,"2025-11-15 02:38:06"
754,Columbus,"overcast clouds",11.83,Cold,78,Humid,2.06,"2025-11-15 02:38:06"
755,Charlotte,"clear sky",11.74,Cold,46,Normal,2.57,"2025-11-15 02:38:06"
756,"San Francisco","broken clouds",14.26,Cold,79,Humid,4.63,"2025-11-15 02:38:06"
757,Indianapolis,"few clouds",14.22,Cold,83,Humid,3.09,"2025-11-15 02:38:06"
758,Seattle,mist,9.2,Cold,95,Humid,4.63,"2025-11-15 02:38:06"
759,Denver,"broken clouds",14.3,Cold,27,Dry,0.89,"2025-11-15 02:38:06"
760,Washington,"overcast clouds",9.02,Cold,92,Humid,1,"2025-11-15 02:38:07"
761,"New York","scattered clouds",8.4,Cold,53,Normal,3.09,"2025-11-15 02:39:05"
762,"Los Angeles","moderate rain",17.07,Cool,92,Humid,5.66,"2025-11-15 02:39:05"
763,Chicago,"broken clouds",15.86,Cool,84,Humid,3.6,"2025-11-15 02:39:05"
764,Houston,"clear sky",21.85,Cool,80,Humid,6.17,"2025-11-15 02:39:05"
765,Phoenix,"clear sky",23.75,Cool,30,Normal,1.85,"2025-11-15 02:39:06"
766,Philadelphia,"overcast clouds",9.56,Cold,54,Normal,2.57,"2025-11-15 02:39:06"
767,"San Antonio","clear sky",23.41,Cool,65,Normal,6.17,"2025-11-15 02:39:06"
768,"San Diego","overcast clouds",18.19,Cool,80,Humid,2.06,"2025-11-15 02:39:06"
769,Dallas,"clear sky",22.45,Cool,71,Humid,4.12,"2025-11-15 02:39:06"
770,"San Jose","clear sky",13.98,Cold,83,Humid,0.45,"2025-11-15 02:39:06"
771,Austin,"clear sky",23.09,Cool,67,Normal,6.71,"2025-11-15 02:39:06"
772,Jacksonville,mist,13.9,Cold,88,Humid,2.06,"2025-11-15 02:39:06"
773,"Fort Worth","clear sky",22.57,Cool,67,Normal,4.12,"2025-11-15 02:39:06"
774,Columbus,"overcast clouds",11.83,Cold,78,Humid,2.06,"2025-11-15 02:39:06"
775,Charlotte,"clear sky",11.74,Cold,46,Normal,2.57,"2025-11-15 02:39:06"
776,"San Francisco","broken clouds",14.26,Cold,79,Humid,4.63,"2025-11-15 02:39:06"
777,Indianapolis,"few clouds",14.22,Cold,83,Humid,3.09,"2025-11-15 02:39:06"
778,Seattle,mist,9.2,Cold,95,Humid,4.63,"2025-11-15 02:39:06"
779,Denver,"broken clouds",14.3,Cold,27,Dry,0.89,"2025-11-15 02:39:06"
780,Washington,"overcast clouds",9.02,Cold,92,Humid,1,"2025-11-15 02:39:06"
781,"New York","scattered clouds",8.4,Cold,53,Normal,3.09,"2025-11-15 02:40:05"
782,"Los Angeles","moderate rain",17.07,Cool,92,Humid,5.66,"2025-11-15 02:40:05"
783,Chicago,"broken clouds",15.86,Cool,84,Humid,3.6,"2025-11-15 02:40:05"
784,Houston,"clear sky",21.85,Cool,80,Humid,6.17,"2025-11-15 02:40:05"
785,Phoenix,"clear sky",23.75,Cool,30,Normal,1.85,"2025-11-15 02:40:06"
786,Philadelphia,"overcast clouds",9.49,Cold,54,Normal,2.57,"2025-11-15 02:40:06"
787,"San Antonio","clear sky",23.41,Cool,65,Normal,6.17,"2025-11-15 02:40:06"
788,"San Diego","overcast clouds",18.19,Cool,80,Humid,2.06,"2025-11-15 02:40:06"
789,Dallas,"clear sky",22.45,Cool,71,Humid,4.12,"2025-11-15 02:40:06"
790,"San Jose","clear sky",13.98,Cold,83,Humid,0.45,"2025-11-15 02:40:06"
791,Austin,"clear sky",23.09,Cool,67,Normal,6.71,"2025-11-15 02:40:06"
792,Jacksonville,mist,13.9,Cold,88,Humid,2.06,"2025-11-15 02:40:06"
793,"Fort Worth","clear sky",22.57,Cool,67,Normal,4.12,"2025-11-15 02:40:06"
794,Columbus,"overcast clouds",11.83,Cold,78,Humid,2.06,"2025-11-15 02:40:06"
795,Charlotte,"clear sky",11.74,Cold,46,Normal,2.57,"2025-11-15 02:40:06"
796,"San Francisco","broken clouds",14.26,Cold,79,Humid,4.63,"2025-11-15 02:40:06"
797,Indianapolis,"few clouds",14.22,Cold,83,Humid,3.09,"2025-11-15 02:40:06"
798,Seattle,mist,9.2,Cold,95,Humid,4.63,"2025-11-15 02:40:06"
799,Denver,"broken clouds",14.3,Cold,27,Dry,0.89,"2025-11-15 02:40:06"
800,Washington,"overcast clouds",9.02,Cold,92,Humid,1,"2025-11-15 02:40:06"
801,"New York","scattered clouds",8.4,Cold,53,Normal,3.09,"2025-11-15 02:41:05"
802,"Los Angeles","moderate rain",17.07,Cool,92,Humid,5.66,"2025-11-15 02:41:05"
803,Chicago,"broken clouds",15.86,Cool,84,Humid,3.6,"2025-11-15 02:41:06"
804,Houston,"clear sky",21.85,Cool,80,Humid,6.17,"2025-11-15 02:41:06"
805,Phoenix,"clear sky",23.75,Cool,30,Normal,1.85,"2025-11-15 02:41:06"
806,Philadelphia,"overcast clouds",9.49,Cold,54,Normal,2.57,"2025-11-15 02:41:06"
807,"San Antonio","clear sky",23.41,Cool,65,Normal,6.17,"2025-11-15 02:41:06"
808,"San Diego","overcast clouds",18.19,Cool,80,Humid,2.06,"2025-11-15 02:41:06"
809,Dallas,"clear sky",22.45,Cool,71,Humid,4.12,"2025-11-15 02:41:06"
810,"San Jose","clear sky",13.98,Cold,83,Humid,0.45,"2025-11-15 02:41:06"
811,Austin,"clear sky",23.09,Cool,67,Normal,6.71,"2025-11-15 02:41:06"
812,Jacksonville,mist,13.9,Cold,88,Humid,2.06,"2025-11-15 02:41:06"
813,"Fort Worth","clear sky",22.57,Cool,67,Normal,4.12,"2025-11-15 02:41:06"
814,Columbus,"overcast clouds",11.83,Cold,78,Humid,2.06,"2025-11-15 02:41:06"
815,Charlotte,"clear sky",11.74,Cold,46,Normal,2.57,"2025-11-15 02:41:06"
816,"San Francisco","broken clouds",14.26,Cold,79,Humid,4.63,"2025-11-15 02:41:06"
817,Indianapolis,"few clouds",14.22,Cold,83,Humid,3.09,"2025-11-15 02:41:06"
818,Seattle,mist,9.2,Cold,95,Humid,4.63,"2025-11-15 02:41:06"
819,Denver,"broken clouds",14.3,Cold,27,Dry,0.89,"2025-11-15 02:41:06"
820,Washington,"overcast clouds",9.02,Cold,92,Humid,1,"2025-11-15 02:41:07"
821,"New York","scattered clouds",8.4,Cold,53,Normal,3.09,"2025-11-15 02:42:05"
822,"Los Angeles","moderate rain",17.07,Cool,92,Humid,5.66,"2025-11-15 02:42:05"
823,Chicago,"broken clouds",15.86,Cool,84,Humid,3.6,"2025-11-15 02:42:05"
824,Houston,"clear sky",21.85,Cool,80,Humid,6.17,"2025-11-15 02:42:05"
825,Phoenix,"clear sky",23.75,Cool,30,Normal,1.85,"2025-11-15 02:42:05"
826,Philadelphia,"overcast clouds",9.49,Cold,54,Normal,2.57,"2025-11-15 02:42:06"
827,"San Antonio","clear sky",23.41,Cool,65,Normal,6.17,"2025-11-15 02:42:06"
828,"San Diego","overcast clouds",18.19,Cool,80,Humid,2.06,"2025-11-15 02:42:06"
829,Dallas,"clear sky",22.45,Cool,71,Humid,4.12,"2025-11-15 02:42:06"
830,"San Jose","clear sky",13.98,Cold,83,Humid,0.45,"2025-11-15 02:42:06"
831,Austin,"clear sky",23.08,Cool,68,Normal,6.71,"2025-11-15 02:42:06"
832,Jacksonville,mist,13.9,Cold,88,Humid,2.06,"2025-11-15 02:42:06"
833,"Fort Worth","clear sky",22.57,Cool,67,Normal,4.12,"2025-11-15 02:42:06"
834,Columbus,"overcast clouds",11.83,Cold,78,Humid,2.06,"2025-11-15 02:42:06"
835,Charlotte,"clear sky",11.74,Cold,46,Normal,2.57,"2025-11-15 02:42:06"
836,"San Francisco","broken clouds",14.26,Cold,79,Humid,4.63,"2025-11-15 02:42:06"
837,Indianapolis,"few clouds",14.22,Cold,83,Humid,3.09,"2025-11-15 02:42:06"
838,Seattle,mist,9.2,Cold,95,Humid,4.63,"2025-11-15 02:42:06"
839,Denver,"broken clouds",14.3,Cold,27,Dry,0.89,"2025-11-15 02:42:06"
840,Washington,"overcast clouds",9.02,Cold,92,Humid,1,"2025-11-15 02:42:06"
841,"New York","scattered clouds",8.4,Cold,53,Normal,3.09,"2025-11-15 02:43:05"
842,"Los Angeles","moderate rain",17.07,Cool,92,Humid,5.66,"2025-11-15 02:43:05"
843,Chicago,"broken clouds",15.86,Cool,84,Humid,3.6,"2025-11-15 02:43:06"
844,Houston,"clear sky",21.85,Cool,80,Humid,6.17,"2025-11-15 02:43:06"
845,Phoenix,"clear sky",23.75,Cool,30,Normal,1.85,"2025-11-15 02:43:06"
846,Philadelphia,"overcast clouds",9.49,Cold,54,Normal,2.57,"2025-11-15 02:43:06"
847,"San Antonio","clear sky",23.41,Cool,65,Normal,6.17,"2025-11-15 02:43:06"
848,"San Diego","overcast clouds",18.19,Cool,80,Humid,2.06,"2025-11-15 02:43:06"
849,Dallas,"clear sky",22.45,Cool,71,Humid,4.12,"2025-11-15 02:43:06"
850,"San Jose","clear sky",13.98,Cold,83,Humid,0.45,"2025-11-15 02:43:06"
851,Austin,"clear sky",23.08,Cool,68,Normal,6.71,"2025-11-15 02:43:06"
852,Jacksonville,mist,13.9,Cold,88,Humid,2.06,"2025-11-15 02:43:06"
853,"Fort Worth","clear sky",22.57,Cool,67,Normal,4.12,"2025-11-15 02:43:06"
854,Columbus,"overcast clouds",11.83,Cold,78,Humid,2.06,"2025-11-15 02:43:06"
855,Charlotte,"clear sky",11.74,Cold,46,Normal,2.57,"2025-11-15 02:43:06"
856,"San Francisco","broken clouds",14.26,Cold,79,Humid,4.63,"2025-11-15 02:43:06"
857,Indianapolis,"few clouds",14.22,Cold,83,Humid,3.09,"2025-11-15 02:43:06"
858,Seattle,mist,9.2,Cold,95,Humid,4.63,"2025-11-15 02:43:06"
859,Denver,"broken clouds",14.3,Cold,27,Dry,0.89,"2025-11-15 02:43:06"
860,Washington,"overcast clouds",9.02,Cold,92,Humid,1,"2025-11-15 02:43:07"
861,"New York","scattered clouds",8.4,Cold,53,Normal,3.09,"2025-11-15 02:44:05"
862,"Los Angeles","moderate rain",17.07,Cool,92,Humid,5.66,"2025-11-15 02:44:05"
863,Chicago,"broken clouds",15.72,Cool,84,Humid,3.6,"2025-11-15 02:44:06"
864,Houston,"clear sky",21.85,Cool,80,Humid,6.17,"2025-11-15 02:44:06"
865,Phoenix,"clear sky",23.75,Cool,30,Normal,1.85,"2025-11-15 02:44:06"
866,Philadelphia,"overcast clouds",9.49,Cold,54,Normal,2.57,"2025-11-15 02:44:06"
867,"San Antonio","clear sky",23.41,Cool,65,Normal,6.17,"2025-11-15 02:44:06"
868,"San Diego","overcast clouds",18.12,Cool,80,Humid,2.06,"2025-11-15 02:44:06"
869,Dallas,"clear sky",22.45,Cool,71,Humid,4.12,"2025-11-15 02:44:06"
870,"San Jose","clear sky",13.98,Cold,83,Humid,0.45,"2025-11-15 02:44:06"
871,Austin,"clear sky",23.08,Cool,68,Normal,6.71,"2025-11-15 02:44:06"
872,Jacksonville,mist,13.9,Cold,88,Humid,2.06,"2025-11-15 02:44:06"
873,"Fort Worth","clear sky",22.57,Cool,67,Normal,4.12,"2025-11-15 02:44:06"
874,Columbus,"overcast clouds",11.83,Cold,78,Humid,2.06,"2025-11-15 02:44:06"
875,Charlotte,"clear sky",11.74,Cold,46,Normal,2.57,"2025-11-15 02:44:06"
876,"San Francisco","broken clouds",14.26,Cold,79,Humid,4.63,"2025-11-15 02:44:06"
877,Indianapolis,"few clouds",14.22,Cold,83,Humid,3.09,"2025-11-15 02:44:06"
878,Seattle,mist,9.22,Cold,95,Humid,4.63,"2025-11-15 02:44:06"
879,Denver,"broken clouds",14.3,Cold,27,Dry,0.89,"2025-11-15 02:44:06"
880,Washington,"overcast clouds",9.02,Cold,92,Humid,1,"2025-11-15 02:44:07"
881,"New York","scattered clouds",8.4,Cold,53,Normal,3.09,"2025-11-15 02:45:05"
882,"Los Angeles","moderate rain",17.07,Cool,92,Humid,5.66,"2025-11-15 02:45:05"
883,Chicago,"broken clouds",15.72,Cool,84,Humid,3.6,"2025-11-15 02:45:06"
884,Houston,"clear sky",21.84,Cool,80,Humid,6.17,"2025-11-15 02:45:06"
885,Phoenix,"clear sky",23.75,Cool,30,Normal,1.85,"2025-11-15 02:45:06"
886,Philadelphia,"overcast clouds",9.49,Cold,54,Normal,2.57,"2025-11-15 02:45:06"
887,"San Antonio","clear sky",23.41,Cool,65,Normal,6.17,"2025-11-15 02:45:06"
888,"San Diego","overcast clouds",18.12,Cool,80,Humid,2.06,"2025-11-15 02:45:06"
889,Dallas,"clear sky",22.45,Cool,71,Humid,4.12,"2025-11-15 02:45:06"
890,"San Jose","clear sky",13.98,Cold,83,Humid,0.45,"2025-11-15 02:45:06"
891,Austin,"clear sky",23.08,Cool,68,Normal,6.71,"2025-11-15 02:45:06"
892,Jacksonville,mist,13.9,Cold,88,Humid,2.06,"2025-11-15 02:45:06"
893,"Fort Worth","clear sky",22.57,Cool,67,Normal,4.12,"2025-11-15 02:45:06"
894,Columbus,"overcast clouds",11.83,Cold,78,Humid,2.06,"2025-11-15 02:45:06"
895,Charlotte,"clear sky",11.74,Cold,46,Normal,2.57,"2025-11-15 02:45:06"
896,"San Francisco","broken clouds",14.26,Cold,79,Humid,4.63,"2025-11-15 02:45:06"
897,Indianapolis,"few clouds",14.22,Cold,83,Humid,3.09,"2025-11-15 02:45:06"
898,Seattle,mist,9.22,Cold,95,Humid,4.63,"2025-11-15 02:45:06"
899,Denver,"broken clouds",14.3,Cold,27,Dry,0.89,"2025-11-15 02:45:06"
900,Washington,"overcast clouds",9.02,Cold,92,Humid,1,"2025-11-15 02:45:07"
901,"New York","scattered clouds",8.4,Cold,53,Normal,3.09,"2025-11-15 02:46:05"
902,"Los Angeles","moderate rain",17.07,Cool,92,Humid,5.66,"2025-11-15 02:46:05"
903,Chicago,"broken clouds",15.72,Cool,84,Humid,3.6,"2025-11-15 02:46:05"
904,Houston,"clear sky",21.84,Cool,80,Humid,6.17,"2025-11-15 02:46:05"
905,Phoenix,"clear sky",23.75,Cool,30,Normal,1.85,"2025-11-15 02:46:05"
906,Philadelphia,"overcast clouds",9.49,Cold,54,Normal,2.57,"2025-11-15 02:46:06"
907,"San Antonio","clear sky",23.41,Cool,65,Normal,6.17,"2025-11-15 02:46:06"
908,"San Diego","overcast clouds",18.12,Cool,80,Humid,2.06,"2025-11-15 02:46:06"
909,Dallas,"clear sky",22.45,Cool,71,Humid,4.12,"2025-11-15 02:46:06"
910,"San Jose","clear sky",13.98,Cold,83,Humid,0.45,"2025-11-15 02:46:06"
911,Austin,"clear sky",23.08,Cool,68,Normal,6.71,"2025-11-15 02:46:06"
912,Jacksonville,mist,13.9,Cold,88,Humid,2.06,"2025-11-15 02:46:06"
913,"Fort Worth","clear sky",22.57,Cool,67,Normal,4.12,"2025-11-15 02:46:06"
914,Columbus,"overcast clouds",11.83,Cold,78,Humid,2.06,"2025-11-15 02:46:06"
915,Charlotte,"clear sky",11.63,Cold,45,Normal,2.57,"2025-11-15 02:46:06"
916,"San Francisco","broken clouds",14.26,Cold,79,Humid,4.63,"2025-11-15 02:46:06"
917,Indianapolis,"few clouds",14.22,Cold,83,Humid,3.09,"2025-11-15 02:46:06"
918,Seattle,mist,9.22,Cold,95,Humid,4.63,"2025-11-15 02:46:06"
919,Denver,"broken clouds",14.3,Cold,27,Dry,0.89,"2025-11-15 02:46:06"
920,Washington,"overcast clouds",9.02,Cold,92,Humid,1,"2025-11-15 02:46:06"
921,"New York","scattered clouds",8.33,Cold,54,Normal,3.58,"2025-11-15 02:47:05"
922,"Los Angeles",mist,17.11,Cool,92,Humid,3.6,"2025-11-15 02:47:05"
923,Chicago,"broken clouds",15.72,Cool,84,Humid,3.6,"2025-11-15 02:47:05"
924,Houston,"clear sky",21.84,Cool,80,Humid,6.17,"2025-11-15 02:47:06"
925,Phoenix,"clear sky",23.75,Cool,30,Normal,1.85,"2025-11-15 02:47:06"
926,Philadelphia,"overcast clouds",9.49,Cold,54,Normal,2.57,"2025-11-15 02:47:06"
927,"San Antonio","clear sky",23.13,Cool,68,Normal,4.63,"2025-11-15 02:47:06"
928,"San Diego","overcast clouds",18.12,Cool,80,Humid,2.06,"2025-11-15 02:47:06"
929,Dallas,"clear sky",22.04,Cool,72,Humid,4.12,"2025-11-15 02:47:06"
930,"San Jose","scattered clouds",13.85,Cold,84,Humid,1.54,"2025-11-15 02:47:06"
931,Austin,"clear sky",23.08,Cool,68,Normal,6.71,"2025-11-15 02:47:06"
932,Jacksonville,mist,14.31,Cold,88,Humid,2.06,"2025-11-15 02:47:06"
933,"Fort Worth","clear sky",22.49,Cool,67,Normal,4.12,"2025-11-15 02:47:06"
934,Columbus,"overcast clouds",12.09,Cold,77,Humid,2.06,"2025-11-15 02:47:06"
935,Charlotte,"clear sky",11.63,Cold,45,Normal,2.57,"2025-11-15 02:47:06"
936,"San Francisco","broken clouds",14.18,Cold,79,Humid,4.63,"2025-11-15 02:47:06"
937,Indianapolis,"few clouds",14.33,Cold,83,Humid,3.09,"2025-11-15 02:47:06"
938,Seattle,mist,9.22,Cold,95,Humid,4.63,"2025-11-15 02:47:06"
939,Denver,"broken clouds",13.94,Cold,27,Dry,0.89,"2025-11-15 02:47:06"
940,Washington,"overcast clouds",9.02,Cold,92,Humid,1,"2025-11-15 02:47:06"
941,"New York","scattered clouds",8.33,Cold,54,Normal,3.58,"2025-11-15 02:48:05"
942,"Los Angeles",mist,17.11,Cool,92,Humid,3.6,"2025-11-15 02:48:05"
943,Chicago,"broken clouds",15.72,Cool,84,Humid,3.6,"2025-11-15 02:48:06"
944,Houston,"clear sky",21.84,Cool,80,Humid,6.17,"2025-11-15 02:48:06"
945,Phoenix,"clear sky",23.93,Cool,29,Dry,1.85,"2025-11-15 02:48:06"
946,Philadelphia,"overcast clouds",9.49,Cold,54,Normal,2.57,"2025-11-15 02:48:06"
947,"San Antonio","clear sky",23.13,Cool,68,Normal,4.63,"2025-11-15 02:48:06"
948,"San Diego","overcast clouds",18.12,Cool,80,Humid,2.06,"2025-11-15 02:48:06"
949,Dallas,"clear sky",22.04,Cool,72,Humid,4.12,"2025-11-15 02:48:06"
950,"San Jose","scattered clouds",13.85,Cold,84,Humid,1.54,"2025-11-15 02:48:06"
951,Austin,"clear sky",23.08,Cool,68,Normal,6.71,"2025-11-15 02:48:06"
952,Jacksonville,mist,14.31,Cold,88,Humid,2.06,"2025-11-15 02:48:06"
953,"Fort Worth","clear sky",22.49,Cool,67,Normal,4.12,"2025-11-15 02:48:06"
954,Columbus,"overcast clouds",12.09,Cold,77,Humid,2.06,"2025-11-15 02:48:06"
955,Charlotte,"clear sky",11.63,Cold,45,Normal,2.57,"2025-11-15 02:48:06"
956,"San Francisco","broken clouds",14.18,Cold,79,Humid,4.63,"2025-11-15 02:48:06"
957,Indianapolis,"few clouds",14.33,Cold,83,Humid,3.09,"2025-11-15 02:48:06"
958,Seattle,mist,9.22,Cold,95,Humid,4.63,"2025-11-15 02:48:06"
959,Denver,"broken clouds",13.94,Cold,27,Dry,0.89,"2025-11-15 02:48:06"
960,Washington,"overcast clouds",9.02,Cold,92,Humid,1,"2025-11-15 02:48:07"
961,"New York","scattered clouds",8.33,Cold,54,Normal,3.58,"2025-11-15 02:49:05"
962,"Los Angeles",mist,17.11,Cool,92,Humid,3.6,"2025-11-15 02:49:05"
963,Chicago,"broken clouds",15.72,Cool,84,Humid,3.6,"2025-11-15 02:49:05"
964,Houston,"clear sky",21.84,Cool,80,Humid,6.17,"2025-11-15 02:49:05"
965,Phoenix,"clear sky",23.93,Cool,29,Dry,1.85,"2025-11-15 02:49:06"
966,Philadelphia,"overcast clouds",9.49,Cold,54,Normal,2.57,"2025-11-15 02:49:06"
967,"San Antonio","clear sky",23.13,Cool,68,Normal,4.63,"2025-11-15 02:49:06"
968,"San Diego","overcast clouds",18.12,Cool,80,Humid,2.06,"2025-11-15 02:49:06"
969,Dallas,"clear sky",22.04,Cool,72,Humid,4.12,"2025-11-15 02:49:06"
970,"San Jose","scattered clouds",13.85,Cold,84,Humid,1.54,"2025-11-15 02:49:06"
971,Austin,"clear sky",23.08,Cool,68,Normal,6.71,"2025-11-15 02:49:06"
972,Jacksonville,mist,14.31,Cold,88,Humid,2.06,"2025-11-15 02:49:06"
973,"Fort Worth","clear sky",22.49,Cool,67,Normal,4.12,"2025-11-15 02:49:06"
974,Columbus,"overcast clouds",12.09,Cold,77,Humid,2.06,"2025-11-15 02:49:06"
975,Charlotte,"clear sky",11.63,Cold,45,Normal,2.57,"2025-11-15 02:49:06"
976,"San Francisco","broken clouds",14.18,Cold,79,Humid,4.63,"2025-11-15 02:49:06"
977,Indianapolis,"few clouds",14.33,Cold,83,Humid,3.09,"2025-11-15 02:49:06"
978,Seattle,mist,9.22,Cold,95,Humid,4.63,"2025-11-15 02:49:06"
979,Denver,"broken clouds",13.94,Cold,27,Dry,0.89,"2025-11-15 02:49:06"
980,Washington,"overcast clouds",9.02,Cold,92,Humid,1,"2025-11-15 02:49:06"
981,"New York","scattered clouds",8.33,Cold,54,Normal,3.58,"2025-11-15 02:50:05"
982,"Los Angeles",mist,17.11,Cool,92,Humid,3.6,"2025-11-15 02:50:05"
983,Chicago,"broken clouds",15.72,Cool,84,Humid,3.6,"2025-11-15 02:50:06"
984,Houston,"clear sky",21.84,Cool,80,Humid,6.17,"2025-11-15 02:50:06"
985,Phoenix,"clear sky",23.93,Cool,29,Dry,1.85,"2025-11-15 02:50:06"
986,Philadelphia,"overcast clouds",9.48,Cold,54,Normal,2.57,"2025-11-15 02:50:06"
987,"San Antonio","clear sky",23.13,Cool,68,Normal,4.63,"2025-11-15 02:50:06"
988,"San Diego","overcast clouds",18.12,Cool,80,Humid,2.06,"2025-11-15 02:50:06"
989,Dallas,"clear sky",22.04,Cool,72,Humid,4.12,"2025-11-15 02:50:06"
990,"San Jose","scattered clouds",13.85,Cold,84,Humid,1.54,"2025-11-15 02:50:06"
991,Austin,"clear sky",23.08,Cool,68,Normal,6.71,"2025-11-15 02:50:06"
992,Jacksonville,mist,14.31,Cold,88,Humid,2.06,"2025-11-15 02:50:06"
993,"Fort Worth","clear sky",22.49,Cool,67,Normal,4.12,"2025-11-15 02:50:06"
994,Columbus,"overcast clouds",12.09,Cold,77,Humid,2.06,"2025-11-15 02:50:06"
995,Charlotte,"clear sky",11.63,Cold,45,Normal,2.57,"2025-11-15 02:50:06"
996,"San Francisco","broken clouds",14.18,Cold,79,Humid,4.63,"2025-11-15 02:50:06"
997,Indianapolis,"few clouds",14.33,Cold,83,Humid,3.09,"2025-11-15 02:50:06"
998,Seattle,mist,9.22,Cold,95,Humid,4.63,"2025-11-15 02:50:06"
999,Denver,"broken clouds",13.94,Cold,27,Dry,0.89,"2025-11-15 02:50:06"
1000,Washington,"overcast clouds",9.02,Cold,92,Humid,1,"2025-11-15 02:50:07"
